item_craft_recipe_id	name	create_senario_flag	energy_core_cost	create_num_at_once	need_item_0	need_num_0	need_item_1	need_num_1	need_item_2	need_num_2	need_item_3	need_num_3	image_no	comfort_level	cost	category	item_tag
CRAFT_RECIPE_ITEM_001	Repair Kit - Lumber		5	1	Part	3	Wood	3									ITEM_CRAFT_01
CRAFT_RECIPE_ITEM_002	Repair Kit - Machinery		5	1	Part	3	Iron	3									ITEM_CRAFT_02
CRAFT_RECIPE_ITEM_003	Repair Kit - Liquid		5	1	Part	3	Water	3									ITEM_CRAFT_03
CRAFT_RECIPE_ITEM_004	Repair Kit - Other		5	1	Part	3	Stone	2	Scrap Fabric	2							ITEM_CRAFT_04
CRAFT_RECIPE_ITEM_005	Zipline Glove		3	5	Fiber	5											ITEM_CRAFT_05
CRAFT_RECIPE_ITEM_006	Regular Ammo		2	5	Iron	3											ITEM_CRAFT_06
CRAFT_RECIPE_ITEM_007	Burst Ammo	512	3	5	Iron	5	Saltpeter	3									ITEM_CRAFT_07
CRAFT_RECIPE_ITEM_008	Slicing Ammo	513	5	5	Iron	5	Powder	3									ITEM_CRAFT_08
CRAFT_RECIPE_ITEM_009	Basic Bandage		2	1	Fiber	5	Water	3									ITEM_CRAFT_09
CRAFT_RECIPE_ITEM_010	Average Bandage		3	1	Scrap Fabric	3	Fiber	2									ITEM_CRAFT_10
CRAFT_RECIPE_ITEM_011	Excellent Bandage		5	1	Scrap Fabric	5	Fiber	3	Wood	2							ITEM_CRAFT_11
CRAFT_RECIPE_ITEM_012	Decent Cooking Ingredients		2	3	Fruit	3											ITEM_CRAFT_12
CRAFT_RECIPE_ITEM_013	Great Cooking Ingredients		3	3	Fruit	5	Water	2									ITEM_CRAFT_13
CRAFT_RECIPE_ITEM_014	Amazing Cooking Ingredients		5	3	Fruit	5	Water	3	Charcoal	3							ITEM_CRAFT_14
CRAFT_RECIPE_ITEM_015	Camping Set		5	1	Wood	3	Water	2	Fiber	5	Charcoal	2					ITEM_CRAFT_15
CRAFT_RECIPE_ITEM_016	Rope Ladder		3	2	Wood	5	Fiber	5									ITEM_CRAFT_16
CRAFT_RECIPE_ITEM_017	Lure		2	5	Iron	2	Fiber	3									ITEM_CRAFT_17
CRAFT_RECIPE_ITEM_018	Impact Orb		3	1	Part	2	Saltpeter	2	Powder	3							ITEM_CRAFT_18
CRAFT_RECIPE_ITEM_019	Relic Finder		5	1	Stone	3	Part	2	Saltpeter	2							ITEM_CRAFT_19
CRAFT_RECIPE_ITEM_020	Marvelous Paint		2	5	Water	2	Powder	2									ITEM_CRAFT_20
CRAFT_RECIPE_ITEM_021	Animal Food		2	1	Fruit	3	Fiber	2	Water	1							ITEM_CRAFT_21
CRAFT_RECIPE_ITEM_022	Smoke Bomb		3	1	Stone	2	Powder	2	Charcoal	2							ITEM_CRAFT_22
CRAFT_RECIPE_ITEM_023	Empty Nectar Bottle		5	1	Fiber	5	Saltpeter	2	Fiber	2							ITEM_CRAFT_23
CRAFT_RECIPE_ITEM_024	Filled Nectar Bottle																ITEM_CRAFT_24
CRAFT_RECIPE_INTERIOR_001	Energy Generator			1	Saltpeter	2	Iron	2	Powder	2			0	0	10	HOUSING_OBJECT_CATEGORY_MODULE	ITEM_INTERIOR_02
CRAFT_RECIPE_INTERIOR_002	Workbench			1	Wood	2							1	0	5	HOUSING_OBJECT_CATEGORY_MODULE	ITEM_INTERIOR_03
CRAFT_RECIPE_INTERIOR_003	Picture A			1	Fiber	1	Wood	1					2	3	1	HOUSING_OBJECT_CATEGORY_PICTURE	ITEM_INTERIOR_04
CRAFT_RECIPE_INTERIOR_004	Picture B			1	Fiber	1	Wood	2					3	3	1	HOUSING_OBJECT_CATEGORY_PICTURE	ITEM_INTERIOR_05
CRAFT_RECIPE_INTERIOR_005	Picture C			1	Fiber	1	Wood	2					4	3	1	HOUSING_OBJECT_CATEGORY_PICTURE	ITEM_INTERIOR_06
CRAFT_RECIPE_INTERIOR_006	Picture D			1	Fiber	1	Wood	2					5	3	1	HOUSING_OBJECT_CATEGORY_PICTURE	ITEM_INTERIOR_07
CRAFT_RECIPE_INTERIOR_007	Picture E			1	Fiber	1	Wood	3					6	3	1	HOUSING_OBJECT_CATEGORY_PICTURE	ITEM_INTERIOR_08
CRAFT_RECIPE_INTERIOR_008	Antique Wall Lamp			1	Powder	2							7	10	3	HOUSING_OBJECT_CATEGORY_WALL_LIGHT	ITEM_INTERIOR_09
CRAFT_RECIPE_INTERIOR_009	Classic Wall Lamp			1	Powder	2							8	10	3	HOUSING_OBJECT_CATEGORY_WALL_LIGHT	ITEM_INTERIOR_10
CRAFT_RECIPE_INTERIOR_010	Fancy Wall Lamp			1	Powder	2							9	10	3	HOUSING_OBJECT_CATEGORY_WALL_LIGHT	ITEM_INTERIOR_11
CRAFT_RECIPE_INTERIOR_011	Wild Wall Lamp			1	Powder	2							10	10	3	HOUSING_OBJECT_CATEGORY_WALL_LIGHT	ITEM_INTERIOR_12
CRAFT_RECIPE_INTERIOR_012	Dark Wall Lamp			1	Powder	2							11	10	3	HOUSING_OBJECT_CATEGORY_WALL_LIGHT	ITEM_INTERIOR_13
CRAFT_RECIPE_INTERIOR_013	Wall Lamp A			1	Powder	2							12	5	2	HOUSING_OBJECT_CATEGORY_WALL_LIGHT	ITEM_INTERIOR_14
CRAFT_RECIPE_INTERIOR_014	Wall Lamp B			1	Powder	2							13	5	2	HOUSING_OBJECT_CATEGORY_WALL_LIGHT	ITEM_INTERIOR_15
CRAFT_RECIPE_INTERIOR_015	Wall Lamp C			1	Powder	2							14	5	2	HOUSING_OBJECT_CATEGORY_WALL_LIGHT	ITEM_INTERIOR_16
CRAFT_RECIPE_INTERIOR_016	Wall Lamp D			1	Powder	2							15	5	2	HOUSING_OBJECT_CATEGORY_WALL_LIGHT	ITEM_INTERIOR_17
CRAFT_RECIPE_INTERIOR_017	Wall Lamp E			1	Powder	2							16	5	2	HOUSING_OBJECT_CATEGORY_WALL_LIGHT	ITEM_INTERIOR_18
CRAFT_RECIPE_INTERIOR_018	Wall Lamp F			1	Powder	2							17	5	2	HOUSING_OBJECT_CATEGORY_WALL_LIGHT	ITEM_INTERIOR_19
CRAFT_RECIPE_INTERIOR_019	Antique Wall Decor			1	Wood	1	Iron	2					18	10	1	HOUSING_OBJECT_CATEGORY_WALL_ACCESSORY	ITEM_INTERIOR_20
CRAFT_RECIPE_INTERIOR_020	Classic Wall Decor			1	Wood	1	Powder	2					19	10	1	HOUSING_OBJECT_CATEGORY_WALL_ACCESSORY	ITEM_INTERIOR_21
CRAFT_RECIPE_INTERIOR_021	Fancy Wall Decor			1	Wood	1	Saltpeter	2					20	10	1	HOUSING_OBJECT_CATEGORY_WALL_ACCESSORY	ITEM_INTERIOR_22
CRAFT_RECIPE_INTERIOR_022	Wild Wall Decor			1	Wood	1	Fiber	2					21	10	1	HOUSING_OBJECT_CATEGORY_WALL_ACCESSORY	ITEM_INTERIOR_23
CRAFT_RECIPE_INTERIOR_023	Dark Wall Decor			1	Wood	1	Iron	2					22	10	1	HOUSING_OBJECT_CATEGORY_WALL_ACCESSORY	ITEM_INTERIOR_24
CRAFT_RECIPE_INTERIOR_024	Switch A			1	Wood	1	Stone	1					23	0	1	HOUSING_OBJECT_CATEGORY_MODULE	ITEM_INTERIOR_25
CRAFT_RECIPE_INTERIOR_025	Switch B			1	Wood	2							24	0	1	HOUSING_OBJECT_CATEGORY_MODULE	ITEM_INTERIOR_26
CRAFT_RECIPE_INTERIOR_026	Small Wall Decor A			1	Water	2	Wood	2					26	5	3	HOUSING_OBJECT_CATEGORY_WALL_ACCESSORY	ITEM_INTERIOR_28
CRAFT_RECIPE_INTERIOR_027	Small Wall Decor B			1	Water	2	Wood	2					27	5	3	HOUSING_OBJECT_CATEGORY_WALL_ACCESSORY	ITEM_INTERIOR_29
CRAFT_RECIPE_INTERIOR_028	Small Wall Decor C			1	Wood	2							28	5	3	HOUSING_OBJECT_CATEGORY_WALL_ACCESSORY	ITEM_INTERIOR_30
CRAFT_RECIPE_INTERIOR_029	Hanging Bouquet			1	Wood	1	Fiber	2					29	5	3	HOUSING_OBJECT_CATEGORY_WALL_ACCESSORY	ITEM_INTERIOR_31
CRAFT_RECIPE_INTERIOR_030	Tapestry A			1	Fiber	2							30	5	3	HOUSING_OBJECT_CATEGORY_WALL_ACCESSORY	ITEM_INTERIOR_32
CRAFT_RECIPE_INTERIOR_031	Tapestry B			1	Fiber	2							31	5	3	HOUSING_OBJECT_CATEGORY_WALL_ACCESSORY	ITEM_INTERIOR_33
CRAFT_RECIPE_INTERIOR_032	Tapestry C			1	Fiber	2							32	5	1	HOUSING_OBJECT_CATEGORY_WALL_ACCESSORY	ITEM_INTERIOR_34
CRAFT_RECIPE_INTERIOR_033	Antique Lamp			1	Powder	3							33	10	5	HOUSING_OBJECT_CATEGORY_CEILING_LIGHT	ITEM_INTERIOR_35
CRAFT_RECIPE_INTERIOR_034	Classic Lamp			1	Powder	3							34	10	5	HOUSING_OBJECT_CATEGORY_CEILING_LIGHT	ITEM_INTERIOR_36
CRAFT_RECIPE_INTERIOR_035	Fancy Lamp			1	Powder	3							35	10	5	HOUSING_OBJECT_CATEGORY_CEILING_LIGHT	ITEM_INTERIOR_37
CRAFT_RECIPE_INTERIOR_036	Wild Lamp			1	Powder	2	Wood	1	Wood	1			36	10	5	HOUSING_OBJECT_CATEGORY_CEILING_LIGHT	ITEM_INTERIOR_38
CRAFT_RECIPE_INTERIOR_037	Dark Lamp			1	Powder	3							37	10	5	HOUSING_OBJECT_CATEGORY_CEILING_LIGHT	ITEM_INTERIOR_39
CRAFT_RECIPE_INTERIOR_038	Lamp A			1	Powder	2							38	5	3	HOUSING_OBJECT_CATEGORY_CEILING_LIGHT	ITEM_INTERIOR_40
CRAFT_RECIPE_INTERIOR_039	Lamp B			1	Powder	2	Wood	1	Wood	1			39	5	3	HOUSING_OBJECT_CATEGORY_CEILING_LIGHT	ITEM_INTERIOR_41
CRAFT_RECIPE_INTERIOR_040	Lamp C			1	Powder	2							40	5	3	HOUSING_OBJECT_CATEGORY_CEILING_LIGHT	ITEM_INTERIOR_42
CRAFT_RECIPE_INTERIOR_041	Lamp D			1	Powder	2	Wood	1	Wood	1			41	5	3	HOUSING_OBJECT_CATEGORY_CEILING_LIGHT	ITEM_INTERIOR_43
CRAFT_RECIPE_INTERIOR_042	Lamp E			1	Powder	2	Wood	1	Wood	1			42	5	3	HOUSING_OBJECT_CATEGORY_CEILING_LIGHT	ITEM_INTERIOR_44
CRAFT_RECIPE_INTERIOR_043	Antique Ceiling Decoration			1	Fiber	2							43	10	5	HOUSING_OBJECT_CATEGORY_CEILING_ACCESSORY	ITEM_INTERIOR_45
CRAFT_RECIPE_INTERIOR_044	Classic Ceiling Decoration			1	Iron	2							44	10	5	HOUSING_OBJECT_CATEGORY_CEILING_ACCESSORY	ITEM_INTERIOR_46
CRAFT_RECIPE_INTERIOR_045	Fancy Ceiling Decoration			1	Wood	1	Powder	2					45	10	5	HOUSING_OBJECT_CATEGORY_CEILING_ACCESSORY	ITEM_INTERIOR_47
CRAFT_RECIPE_INTERIOR_046	Wild Ceiling Decoration			1	Wood	2							46	10	5	HOUSING_OBJECT_CATEGORY_CEILING_ACCESSORY	ITEM_INTERIOR_48
CRAFT_RECIPE_INTERIOR_047	Dark Ceiling Decoration			1	Wood	1	Stone	1					47	10	5	HOUSING_OBJECT_CATEGORY_CEILING_ACCESSORY	ITEM_INTERIOR_49
CRAFT_RECIPE_INTERIOR_048	Ceiling Fan			1	Iron	1	Saltpeter	2					48	10	5	HOUSING_OBJECT_CATEGORY_CEILING_ACCESSORY	ITEM_INTERIOR_50
CRAFT_RECIPE_INTERIOR_049	Ceiling Fixture A			1	Saltpeter	2	Wood	1					49	5	5	HOUSING_OBJECT_CATEGORY_CEILING_ACCESSORY	ITEM_INTERIOR_51
CRAFT_RECIPE_INTERIOR_050	Ceiling Fixture B			1	Fiber	1							50	5	5	HOUSING_OBJECT_CATEGORY_CEILING_ACCESSORY	ITEM_INTERIOR_52
CRAFT_RECIPE_INTERIOR_051	Antique Desk			1	Wood	2							51	10	3	HOUSING_OBJECT_CATEGORY_DESK	ITEM_INTERIOR_53
CRAFT_RECIPE_INTERIOR_052	Classic Desk			1	Wood	1	Powder	1					52	10	3	HOUSING_OBJECT_CATEGORY_DESK	ITEM_INTERIOR_54
CRAFT_RECIPE_INTERIOR_053	Fancy Desk			1	Wood	1							53	10	3	HOUSING_OBJECT_CATEGORY_DESK	ITEM_INTERIOR_55
CRAFT_RECIPE_INTERIOR_054	Wild Desk			1	Wood	2							54	10	3	HOUSING_OBJECT_CATEGORY_DESK	ITEM_INTERIOR_56
CRAFT_RECIPE_INTERIOR_055	Dark Desk			1	Iron	2							55	10	3	HOUSING_OBJECT_CATEGORY_DESK	ITEM_INTERIOR_57
CRAFT_RECIPE_INTERIOR_056	Round Table			1	Wood	1							56	3	1	HOUSING_OBJECT_CATEGORY_DESK	ITEM_INTERIOR_58
CRAFT_RECIPE_INTERIOR_057	Wooden Table			1	Wood	2							57	5	1	HOUSING_OBJECT_CATEGORY_DESK	ITEM_INTERIOR_59
CRAFT_RECIPE_INTERIOR_058	Low Table			1	Wood	2							58	5	1	HOUSING_OBJECT_CATEGORY_DESK	ITEM_INTERIOR_60
CRAFT_RECIPE_INTERIOR_059	Stone Table			1	Stone	2							59	5	1	HOUSING_OBJECT_CATEGORY_DESK	ITEM_INTERIOR_61
CRAFT_RECIPE_INTERIOR_060	Reception Desk			1	Wood	2							60	5	1	HOUSING_OBJECT_CATEGORY_DESK	ITEM_INTERIOR_62
CRAFT_RECIPE_INTERIOR_061	Elegant Table			1	Wood	2							61	10	1	HOUSING_OBJECT_CATEGORY_DESK	ITEM_INTERIOR_63
CRAFT_RECIPE_INTERIOR_062	Long Desk			1	Wood	2							62	5	1	HOUSING_OBJECT_CATEGORY_DESK	ITEM_INTERIOR_64
CRAFT_RECIPE_INTERIOR_063	Writing Desk			1	Wood	1	Fiber	1					63	5	1	HOUSING_OBJECT_CATEGORY_DESK	ITEM_INTERIOR_65
CRAFT_RECIPE_INTERIOR_064	Antique Chair			1	Wood	1	Fiber	1					64	10	3	HOUSING_OBJECT_CATEGORY_CHAIR	ITEM_INTERIOR_66
CRAFT_RECIPE_INTERIOR_065	Classic Chair			1	Wood	1	Fiber	1					65	10	3	HOUSING_OBJECT_CATEGORY_CHAIR	ITEM_INTERIOR_67
CRAFT_RECIPE_INTERIOR_066	Fancy Chair			1	Wood	1	Fiber	1					66	10	3	HOUSING_OBJECT_CATEGORY_CHAIR	ITEM_INTERIOR_68
CRAFT_RECIPE_INTERIOR_067	Wild Chair			1	Wood	1	Fiber	1					67	10	3	HOUSING_OBJECT_CATEGORY_CHAIR	ITEM_INTERIOR_69
CRAFT_RECIPE_INTERIOR_068	Dark Chair			1	Wood	1	Fiber	1					68	10	3	HOUSING_OBJECT_CATEGORY_CHAIR	ITEM_INTERIOR_70
CRAFT_RECIPE_INTERIOR_069	Leather Couch			1	Wood	2	Fiber	2					69	10	2	HOUSING_OBJECT_CATEGORY_CHAIR	ITEM_INTERIOR_71
CRAFT_RECIPE_INTERIOR_070	Chic Couch			1	Wood	2	Fiber	2					70	10	2	HOUSING_OBJECT_CATEGORY_CHAIR	ITEM_INTERIOR_72
CRAFT_RECIPE_INTERIOR_071	Resort Couch			1	Wood	2	Fiber	2					71	10	2	HOUSING_OBJECT_CATEGORY_CHAIR	ITEM_INTERIOR_73
CRAFT_RECIPE_INTERIOR_072	Cute Couch			1	Wood	2	Fiber	2					72	10	2	HOUSING_OBJECT_CATEGORY_CHAIR	ITEM_INTERIOR_74
CRAFT_RECIPE_INTERIOR_073	Armchair			1	Wood	1	Fiber	1					73	10	2	HOUSING_OBJECT_CATEGORY_CHAIR	ITEM_INTERIOR_75
CRAFT_RECIPE_INTERIOR_074	Stool			1	Wood	1							74	5	1	HOUSING_OBJECT_CATEGORY_CHAIR	ITEM_INTERIOR_76
CRAFT_RECIPE_INTERIOR_075	Chair A			1	Wood	1	Fiber	1					75	10	1	HOUSING_OBJECT_CATEGORY_CHAIR	ITEM_INTERIOR_77
CRAFT_RECIPE_INTERIOR_076	Chair B			1	Wood	1	Fiber	1					76	10	1	HOUSING_OBJECT_CATEGORY_CHAIR	ITEM_INTERIOR_78
CRAFT_RECIPE_INTERIOR_077	Chair C			1	Wood	1	Fiber	1					77	10	1	HOUSING_OBJECT_CATEGORY_CHAIR	ITEM_INTERIOR_79
CRAFT_RECIPE_INTERIOR_078	Chair D			1	Wood	1	Fiber	1					78	10	1	HOUSING_OBJECT_CATEGORY_CHAIR	ITEM_INTERIOR_80
CRAFT_RECIPE_INTERIOR_079	Bench			1	Wood	2							79	5	1	HOUSING_OBJECT_CATEGORY_CHAIR	ITEM_INTERIOR_81
CRAFT_RECIPE_INTERIOR_080	Antique Bed			1	Wood	2	Fiber	2					80	15	5	HOUSING_OBJECT_CATEGORY_BED	ITEM_INTERIOR_82
CRAFT_RECIPE_INTERIOR_081	Classic Bed			1	Wood	2	Fiber	2					81	15	5	HOUSING_OBJECT_CATEGORY_BED	ITEM_INTERIOR_83
CRAFT_RECIPE_INTERIOR_082	Fancy Bed			1	Wood	2	Fiber	2					82	15	5	HOUSING_OBJECT_CATEGORY_BED	ITEM_INTERIOR_84
CRAFT_RECIPE_INTERIOR_083	Wild Bed			1	Wood	2	Fiber	2					83	15	5	HOUSING_OBJECT_CATEGORY_BED	ITEM_INTERIOR_85
CRAFT_RECIPE_INTERIOR_084	Dark Bed			1	Wood	2	Fiber	2					84	15	5	HOUSING_OBJECT_CATEGORY_BED	ITEM_INTERIOR_86
CRAFT_RECIPE_INTERIOR_085	Basic Bed			1	Wood	2	Fiber	2					85	5	5	HOUSING_OBJECT_CATEGORY_BED	ITEM_INTERIOR_87
CRAFT_RECIPE_INTERIOR_086	Fluffy Bed			1	Wood	2	Fiber	2					86	10	5	HOUSING_OBJECT_CATEGORY_BED	ITEM_INTERIOR_88
CRAFT_RECIPE_INTERIOR_087	Cute Bed			1	Wood	2	Fiber	2					87	10	5	HOUSING_OBJECT_CATEGORY_BED	ITEM_INTERIOR_89
CRAFT_RECIPE_INTERIOR_088	Opulent Bed			1	Wood	2	Fiber	2					88	10	5	HOUSING_OBJECT_CATEGORY_BED	ITEM_INTERIOR_90
CRAFT_RECIPE_INTERIOR_089	Resort Bed			1	Wood	2	Fiber	2					89	10	5	HOUSING_OBJECT_CATEGORY_BED	ITEM_INTERIOR_91
CRAFT_RECIPE_INTERIOR_090	Antique Carpet			1	Fiber	1							90	10	1	HOUSING_OBJECT_CATEGORY_CARPET	ITEM_INTERIOR_92
CRAFT_RECIPE_INTERIOR_091	Classic Carpet			1	Fiber	2							91	10	1	HOUSING_OBJECT_CATEGORY_CARPET	ITEM_INTERIOR_93
CRAFT_RECIPE_INTERIOR_092	Fancy Carpet			1	Fiber	2							92	10	1	HOUSING_OBJECT_CATEGORY_CARPET	ITEM_INTERIOR_94
CRAFT_RECIPE_INTERIOR_093	Wild Carpet			1	Fiber	2							93	10	1	HOUSING_OBJECT_CATEGORY_CARPET	ITEM_INTERIOR_95
CRAFT_RECIPE_INTERIOR_094	Dark Carpet			1	Fiber	1							94	10	1	HOUSING_OBJECT_CATEGORY_CARPET	ITEM_INTERIOR_96
CRAFT_RECIPE_INTERIOR_095	Basic Carpet A			1	Fiber	1							95	3	1	HOUSING_OBJECT_CATEGORY_CARPET	ITEM_INTERIOR_97
CRAFT_RECIPE_INTERIOR_096	Basic Carpet B			1	Fiber	2							96	3	1	HOUSING_OBJECT_CATEGORY_CARPET	ITEM_INTERIOR_98
CRAFT_RECIPE_INTERIOR_097	Basic Carpet C			1	Fiber	2							97	3	1	HOUSING_OBJECT_CATEGORY_CARPET	ITEM_INTERIOR_99
CRAFT_RECIPE_INTERIOR_098	Big Carpet A			1	Fiber	2							98	5	1	HOUSING_OBJECT_CATEGORY_CARPET	ITEM_INTERIOR_100
CRAFT_RECIPE_INTERIOR_099	Big Carpet B			1	Fiber	2							99	5	1	HOUSING_OBJECT_CATEGORY_CARPET	ITEM_INTERIOR_101
CRAFT_RECIPE_INTERIOR_100	Big Carpet C			1	Fiber	1							100	5	1	HOUSING_OBJECT_CATEGORY_CARPET	ITEM_INTERIOR_102
CRAFT_RECIPE_INTERIOR_101	Round Carpet A			1	Fiber	2							101	3	1	HOUSING_OBJECT_CATEGORY_CARPET	ITEM_INTERIOR_103
CRAFT_RECIPE_INTERIOR_102	Round Carpet B			1	Fiber	1							102	3	1	HOUSING_OBJECT_CATEGORY_CARPET	ITEM_INTERIOR_104
CRAFT_RECIPE_INTERIOR_103	Round Carpet C			1	Fiber	1							103	3	1	HOUSING_OBJECT_CATEGORY_CARPET	ITEM_INTERIOR_105
CRAFT_RECIPE_INTERIOR_104	Antique Shelf			1	Stone	2							104	10	1	HOUSING_OBJECT_CATEGORY_SHELF	ITEM_INTERIOR_106
CRAFT_RECIPE_INTERIOR_105	Classic Shelf			1	Wood	2							105	10	5	HOUSING_OBJECT_CATEGORY_SHELF	ITEM_INTERIOR_107
CRAFT_RECIPE_INTERIOR_106	Fancy Shelf			1	Stone	2							106	10	5	HOUSING_OBJECT_CATEGORY_SHELF	ITEM_INTERIOR_108
CRAFT_RECIPE_INTERIOR_107	Wild Shelf			1	Wood	2							107	10	5	HOUSING_OBJECT_CATEGORY_SHELF	ITEM_INTERIOR_109
CRAFT_RECIPE_INTERIOR_108	Dark Shelf			1	Wood	2							108	10	5	HOUSING_OBJECT_CATEGORY_SHELF	ITEM_INTERIOR_110
CRAFT_RECIPE_INTERIOR_109	Wooden Shelf A			1	Wood	1							109	5	5	HOUSING_OBJECT_CATEGORY_SHELF	ITEM_INTERIOR_111
CRAFT_RECIPE_INTERIOR_110	Wooden Shelf B			1	Wood	2	Fruit	2					110	5	5	HOUSING_OBJECT_CATEGORY_SHELF	ITEM_INTERIOR_112
CRAFT_RECIPE_INTERIOR_111	Wooden Shelf C			1	Wood	2							111	5	5	HOUSING_OBJECT_CATEGORY_SHELF	ITEM_INTERIOR_113
CRAFT_RECIPE_INTERIOR_112	Wooden Shelf D			1	Wood	2	Fiber	2					112	5	5	HOUSING_OBJECT_CATEGORY_SHELF	ITEM_INTERIOR_114
CRAFT_RECIPE_INTERIOR_113	Bookshelf A			1	Wood	2	Fiber	2					113	5	5	HOUSING_OBJECT_CATEGORY_SHELF	ITEM_INTERIOR_115
CRAFT_RECIPE_INTERIOR_114	Bookshelf B			1	Wood	2	Fiber	2					114	5	5	HOUSING_OBJECT_CATEGORY_SHELF	ITEM_INTERIOR_116
CRAFT_RECIPE_INTERIOR_115	Storage Shelf			1	Wood	2	Fiber	2					115	5	5	HOUSING_OBJECT_CATEGORY_SHELF	ITEM_INTERIOR_117
CRAFT_RECIPE_INTERIOR_116	Decorative Shelf A			1	Wood	2	Saltpeter	2					116	5	5	HOUSING_OBJECT_CATEGORY_SHELF	ITEM_INTERIOR_118
CRAFT_RECIPE_INTERIOR_117	Dresser A			1	Wood	1							117	3	1	HOUSING_OBJECT_CATEGORY_SHELF	ITEM_INTERIOR_119
CRAFT_RECIPE_INTERIOR_118	Dresser B			1	Wood	1							118	3	1	HOUSING_OBJECT_CATEGORY_SHELF	ITEM_INTERIOR_120
CRAFT_RECIPE_INTERIOR_119	Dresser C			1	Wood	2							119	3	1	HOUSING_OBJECT_CATEGORY_SHELF	ITEM_INTERIOR_121
CRAFT_RECIPE_INTERIOR_120	Dresser D			1	Wood	1							120	3	1	HOUSING_OBJECT_CATEGORY_SHELF	ITEM_INTERIOR_122
CRAFT_RECIPE_INTERIOR_121	Antique Curtains			1	Fiber	2							121	10	3	HOUSING_OBJECT_CATEGORY_WALL_ACCESSORY	ITEM_INTERIOR_124
CRAFT_RECIPE_INTERIOR_122	Classic Curtains			1	Fiber	2							122	10	3	HOUSING_OBJECT_CATEGORY_WALL_ACCESSORY	ITEM_INTERIOR_125
CRAFT_RECIPE_INTERIOR_123	Fancy Curtains			1	Fiber	2							123	10	3	HOUSING_OBJECT_CATEGORY_WALL_ACCESSORY	ITEM_INTERIOR_126
CRAFT_RECIPE_INTERIOR_124	Wild Curtains			1	Fiber	2	Wood	1					124	10	3	HOUSING_OBJECT_CATEGORY_WALL_ACCESSORY	ITEM_INTERIOR_127
CRAFT_RECIPE_INTERIOR_125	Dark Curtains			1	Fiber	2							125	10	3	HOUSING_OBJECT_CATEGORY_WALL_ACCESSORY	ITEM_INTERIOR_128
CRAFT_RECIPE_INTERIOR_126	Display Stand			1	Stone	2							126	5	1	HOUSING_OBJECT_CATEGORY_SMALL_OTHER	ITEM_INTERIOR_129
CRAFT_RECIPE_INTERIOR_127	Pizza Oven			1	Wood	1	Stone	1	Powder	1			127	5	5	HOUSING_OBJECT_CATEGORY_SMALL_OTHER	ITEM_INTERIOR_130
CRAFT_RECIPE_INTERIOR_128	Bulletin Board			1	Wood	1							128	5	1	HOUSING_OBJECT_CATEGORY_WALL_ACCESSORY	ITEM_INTERIOR_131
CRAFT_RECIPE_INTERIOR_129	Simple Altar			1	Saltpeter	2	Stone	3					129	0	5	HOUSING_OBJECT_CATEGORY_MODULE	ITEM_INTERIOR_202
CRAFT_RECIPE_INTERIOR_130	Dressing Room			1	Wood	4	Powder	2					130	0	5	HOUSING_OBJECT_CATEGORY_MODULE	ITEM_INTERIOR_203
CRAFT_RECIPE_INTERIOR_131	Forge			1	Wood	10	Powder	10	Iron	3	Stone	3	131	0	10	HOUSING_OBJECT_CATEGORY_MODULE	ITEM_INTERIOR_204
CRAFT_RECIPE_INTERIOR_132	Mana Spreader			1	Saltpeter	2	Iron	2	Saltpeter	1			132	0	5	HOUSING_OBJECT_CATEGORY_MODULE	ITEM_INTERIOR_205
CRAFT_RECIPE_INTERIOR_133	Gate			1	Wood	2	Iron	2					133	0	10	HOUSING_OBJECT_CATEGORY_ARTIFACT	ITEM_INTERIOR_206
CRAFT_RECIPE_INTERIOR_134	Fence			1	Wood	2	Iron	2					134	0	5	HOUSING_OBJECT_CATEGORY_ARTIFACT	ITEM_INTERIOR_207
CRAFT_RECIPE_INTERIOR_135	Fish Tank			1	Water	10	Stone	2					135	10	10	HOUSING_OBJECT_CATEGORY_SMALL_OTHER	ITEM_INTERIOR_208
CRAFT_RECIPE_INTERIOR_136	Cherry Blossom Tree			1	Wood	5							136	20	15	HOUSING_OBJECT_CATEGORY_NATURE	ITEM_INTERIOR_209
CRAFT_RECIPE_INTERIOR_137	Maple Tree			1	Wood	5							137	20	15	HOUSING_OBJECT_CATEGORY_NATURE	ITEM_INTERIOR_210
CRAFT_RECIPE_INTERIOR_138	Weapon Rack			1	Fiber	2	Stone	2					138	0	1	HOUSING_OBJECT_CATEGORY_MODULE	ITEM_INTERIOR_211
CRAFT_RECIPE_INTERIOR_139	Shed			1	Wood	3							139	20	1	HOUSING_OBJECT_CATEGORY_ARTIFACT	ITEM_INTERIOR_212
CRAFT_RECIPE_INTERIOR_140	Bouquet			1	Fiber	2	Stone	1					140	10	4	HOUSING_OBJECT_CATEGORY_GOODS	ITEM_INTERIOR_213
CRAFT_RECIPE_INTERIOR_141	Big Tree			1	Wood	20							141	30	20	HOUSING_OBJECT_CATEGORY_NATURE	ITEM_INTERIOR_214
CRAFT_RECIPE_INTERIOR_142	Two-Story Gazebo			1	Water	3	Stone	10					142	20	20	HOUSING_OBJECT_CATEGORY_ARTIFACT	ITEM_INTERIOR_215
CRAFT_RECIPE_INTERIOR_143	Ornamental Pond			1	Stone	10							143	20	20	HOUSING_OBJECT_CATEGORY_TERRAIN	ITEM_INTERIOR_216
CRAFT_RECIPE_INTERIOR_144	Magic Crystal			1	Saltpeter	1	Saltpeter	1					144	0	1	HOUSING_OBJECT_CATEGORY_MODULE	ITEM_INTERIOR_217
CRAFT_RECIPE_INTERIOR_145	Bell			1	Iron	1							145	0	1	HOUSING_OBJECT_CATEGORY_MODULE	ITEM_INTERIOR_218
CRAFT_RECIPE_INTERIOR_146	Crystal Flower			1	Saltpeter	1	Fiber	1					146	0	1	HOUSING_OBJECT_CATEGORY_MODULE	ITEM_INTERIOR_219
CRAFT_RECIPE_INTERIOR_147	Diffuser			1	Fiber	3							147	20	1	HOUSING_OBJECT_CATEGORY_MODULE	ITEM_INTERIOR_220
CRAFT_RECIPE_INTERIOR_148	Anvil			1	Iron	3							148	0	1	HOUSING_OBJECT_CATEGORY_MODULE	ITEM_INTERIOR_221
CRAFT_RECIPE_INTERIOR_149	Fountain			1	Water	10	Stone	3					149	20	20	HOUSING_OBJECT_CATEGORY_ARTIFACT	ITEM_INTERIOR_222
CRAFT_RECIPE_INTERIOR_150	Street Light			1	Iron	2	Powder	2					150	5	10	HOUSING_OBJECT_CATEGORY_ARTIFACT	ITEM_INTERIOR_223
CRAFT_RECIPE_INTERIOR_151	Shrub			1	Wood	1							151	3	1	HOUSING_OBJECT_CATEGORY_NATURE	ITEM_INTERIOR_224
CRAFT_RECIPE_INTERIOR_152	Floral Arch			1	Fiber	3	Wood	2					152	10	5	HOUSING_OBJECT_CATEGORY_NATURE	ITEM_INTERIOR_225
CRAFT_RECIPE_INTERIOR_153	Stone Path (Straight)			1	Stone	2							153	1	1	HOUSING_OBJECT_CATEGORY_ARTIFACT	ITEM_INTERIOR_226
CRAFT_RECIPE_INTERIOR_154	Stone Path (Curved)			1	Stone	2							154	1	1	HOUSING_OBJECT_CATEGORY_ARTIFACT	ITEM_INTERIOR_227
CRAFT_RECIPE_INTERIOR_155	Tatami Mat			1	Wood	2							155	5	1	HOUSING_OBJECT_CATEGORY_SMALL_OTHER	ITEM_INTERIOR_132
CRAFT_RECIPE_INTERIOR_156	Sliding Door with Overhead Window			1	Wood	2	Fiber	2					156	5	1	HOUSING_OBJECT_CATEGORY_SMALL_OTHER	ITEM_INTERIOR_229
CRAFT_RECIPE_INTERIOR_157	Outer Corridor			1	Wood	2							157	5	1	HOUSING_OBJECT_CATEGORY_SMALL_OTHER	ITEM_INTERIOR_230
CRAFT_RECIPE_INTERIOR_158	Cherry Blossoms			1	Fiber	2							158	5	1	HOUSING_OBJECT_CATEGORY_NATURE	ITEM_INTERIOR_231
CRAFT_RECIPE_INTERIOR_159	Fall Leaves			1	Wood	2							159	5	1	HOUSING_OBJECT_CATEGORY_NATURE	ITEM_INTERIOR_232
CRAFT_RECIPE_INTERIOR_160	Garden Stone A			1	Stone	2							160	5	15	HOUSING_OBJECT_CATEGORY_NATURE	ITEM_INTERIOR_233
CRAFT_RECIPE_INTERIOR_161	Garden Stone B			1	Stone	2							161	5	10	HOUSING_OBJECT_CATEGORY_NATURE	ITEM_INTERIOR_234
CRAFT_RECIPE_INTERIOR_162	Garden Lantern			1	Stone	2	Powder	1					162	5	5	HOUSING_OBJECT_CATEGORY_ARTIFACT	ITEM_INTERIOR_235
CRAFT_RECIPE_INTERIOR_163	Bamboo Water Fountain			1	Wood	1	Water	1					163	5	10	HOUSING_OBJECT_CATEGORY_ARTIFACT	ITEM_INTERIOR_166
CRAFT_RECIPE_INTERIOR_164	Handrail			1	Stone	2							164	0	1	HOUSING_OBJECT_CATEGORY_SMALL_OTHER	ITEM_INTERIOR_237
CRAFT_RECIPE_INTERIOR_165	Weeping Wall Planter			1	Wood	1							165	5	1	HOUSING_OBJECT_CATEGORY_WALL_ACCESSORY	ITEM_INTERIOR_238
CRAFT_RECIPE_INTERIOR_166	Decorative Pillar			1	Saltpeter	2	Stone	2					166	5	1	HOUSING_OBJECT_CATEGORY_ARTIFACT	ITEM_INTERIOR_239
CRAFT_RECIPE_INTERIOR_167	Arched Bridge			1	Wood	2							167	5	15	HOUSING_OBJECT_CATEGORY_ARTIFACT	ITEM_INTERIOR_240
CRAFT_RECIPE_INTERIOR_168	Simple Light			1	Powder	2							168	5	1	HOUSING_OBJECT_CATEGORY_CEILING_LIGHT	ITEM_INTERIOR_241
CRAFT_RECIPE_INTERIOR_169	Basket			1	Wood	1							169	5	3	HOUSING_OBJECT_CATEGORY_GOODS	ITEM_INTERIOR_242
CRAFT_RECIPE_INTERIOR_170	Picture Frame			1	Wood	2							170	5	1	HOUSING_OBJECT_CATEGORY_SMALL_OTHER	ITEM_INTERIOR_243
CRAFT_RECIPE_INTERIOR_171	Garden Parasol			1	Wood	1	Fiber	1					171	5	1	HOUSING_OBJECT_CATEGORY_ARTIFACT	ITEM_INTERIOR_244
CRAFT_RECIPE_INTERIOR_172	Floor Lamp			1	Wood	1	Powder	2					172	5	10	HOUSING_OBJECT_CATEGORY_GOODS	ITEM_INTERIOR_245
CRAFT_RECIPE_INTERIOR_173	Wall-Mounted Shelf			1	Wood	1							173	5	1	HOUSING_OBJECT_CATEGORY_WALL_ACCESSORY	ITEM_INTERIOR_246
CRAFT_RECIPE_INTERIOR_174	Outdoor Stairs			1	Wood	2	Wood	2					174	5	5	HOUSING_OBJECT_CATEGORY_NATURE	ITEM_INTERIOR_247
CRAFT_RECIPE_INTERIOR_175	Glass Pane A			1	Powder	2							175	5	1	HOUSING_OBJECT_CATEGORY_BUILDING_OTHER	ITEM_INTERIOR_248
CRAFT_RECIPE_INTERIOR_176	Swing Chair			1	Wood	2	Fiber	2					176	10	10	HOUSING_OBJECT_CATEGORY_CEILING_ACCESSORY	ITEM_INTERIOR_249
CRAFT_RECIPE_INTERIOR_177	Skylight			1	Powder	2							177	5	1	HOUSING_OBJECT_CATEGORY_ROOF	ITEM_INTERIOR_250
CRAFT_RECIPE_INTERIOR_178	Floor Light			1	Powder	1	Powder	1					178	5	2	HOUSING_OBJECT_CATEGORY_OTHER	ITEM_INTERIOR_251
CRAFT_RECIPE_INTERIOR_179	Greenhouse			1	Great Tree Root	10						3	179	0	50	HOUSING_OBJECT_CATEGORY_MODULE	ITEM_INTERIOR_252
CRAFT_RECIPE_INTERIOR_180	Warehouse			1	Great Tree Root	10							180	0	50	HOUSING_OBJECT_CATEGORY_MODULE	ITEM_INTERIOR_254
CRAFT_RECIPE_INTERIOR_181	Duplication Machine			1	Metal Board	10						3	181	0	50	HOUSING_OBJECT_CATEGORY_MODULE	ITEM_INTERIOR_256
CRAFT_RECIPE_INTERIOR_182	Mana Converter			1	Quartz Cluster	10						3	182	0	50	HOUSING_OBJECT_CATEGORY_MODULE	ITEM_INTERIOR_258
CRAFT_RECIPE_INTERIOR_183	Trait Blending Station			1	Wood	2							183	0	5	HOUSING_OBJECT_CATEGORY_MODULE	ITEM_INTERIOR_260
CRAFT_RECIPE_INTERIOR_184	Recipe Recall Station			1	Wood	2							184	0	5	HOUSING_OBJECT_CATEGORY_MODULE	ITEM_INTERIOR_261
CRAFT_RECIPE_INTERIOR_185	Barrel			1	Wood	1	Iron	1					185	3	1	HOUSING_OBJECT_CATEGORY_SMALL_OTHER	ITEM_INTERIOR_186
CRAFT_RECIPE_INTERIOR_186	Blackboard			1	Wood	2							186	3	1	HOUSING_OBJECT_CATEGORY_SMALL_OTHER	ITEM_INTERIOR_189
CRAFT_RECIPE_INTERIOR_187	Book Stand			1	Wood	1	Fiber	1					187	3	5	HOUSING_OBJECT_CATEGORY_SMALL_OTHER	ITEM_INTERIOR_193
CRAFT_RECIPE_INTERIOR_188	Crate			1	Wood	1							188	3	1	HOUSING_OBJECT_CATEGORY_SMALL_OTHER	ITEM_INTERIOR_201
CRAFT_RECIPE_INTERIOR_189	Container			1	Wood	1	Stone	1					189	0	5	HOUSING_OBJECT_CATEGORY_MODULE	ITEM_INTERIOR_262
CRAFT_RECIPE_INTERIOR_190	Chick Plushie			1	Fiber	1							190	3	3	HOUSING_OBJECT_CATEGORY_GOODS	ITEM_INTERIOR_182
CRAFT_RECIPE_INTERIOR_191	Teddy Bear			1	Fiber	2							191	3	3	HOUSING_OBJECT_CATEGORY_GOODS	ITEM_INTERIOR_190
CRAFT_RECIPE_INTERIOR_192	Fairy Doll			1	Fiber	1							192	3	3	HOUSING_OBJECT_CATEGORY_GOODS	ITEM_INTERIOR_184
CRAFT_RECIPE_INTERIOR_193	Puni Plushie			1	Fiber	1	Scrap Fabric	1					193	5	3	HOUSING_OBJECT_CATEGORY_GOODS	ITEM_INTERIOR_185
CRAFT_RECIPE_INTERIOR_194	Fireplace			1	Stone	2	Powder	2					194	10	5	HOUSING_OBJECT_CATEGORY_LARGE_OTHER	ITEM_INTERIOR_263
CRAFT_RECIPE_INTERIOR_195	Flowering Plant			1	Stone	1	Fiber	1					195	3	5	HOUSING_OBJECT_CATEGORY_GOODS	ITEM_INTERIOR_187
CRAFT_RECIPE_INTERIOR_196	Vase A			1	Stone	1	Fiber	1					196	3	1	HOUSING_OBJECT_CATEGORY_GOODS	ITEM_INTERIOR_195
CRAFT_RECIPE_INTERIOR_197	Tea Set			1	Stone	1	Powder	1					197	3	5	HOUSING_OBJECT_CATEGORY_GOODS	ITEM_INTERIOR_191
CRAFT_RECIPE_INTERIOR_198	Lab Set			1	Wood	1	Powder	2					198	0	5	HOUSING_OBJECT_CATEGORY_GOODS	ITEM_INTERIOR_192
CRAFT_RECIPE_INTERIOR_199	Lantern			1	Powder	3							199	3	3	HOUSING_OBJECT_CATEGORY_GOODS	ITEM_INTERIOR_194
CRAFT_RECIPE_INTERIOR_200	Decorative Plant A			1	Wood	1							200	3	3	HOUSING_OBJECT_CATEGORY_SMALL_OTHER	ITEM_INTERIOR_153
CRAFT_RECIPE_INTERIOR_201	Decorative Plant B			1	Wood	1							201	3	3	HOUSING_OBJECT_CATEGORY_SMALL_OTHER	ITEM_INTERIOR_154
CRAFT_RECIPE_INTERIOR_202	Decorative Plant C			1	Wood	1							202	3	3	HOUSING_OBJECT_CATEGORY_SMALL_OTHER	ITEM_INTERIOR_155
CRAFT_RECIPE_INTERIOR_203	Divider			1	Stone	1	Fiber	1					203	5	3	HOUSING_OBJECT_CATEGORY_SMALL_OTHER	ITEM_INTERIOR_199
CRAFT_RECIPE_INTERIOR_204	Clothing Rack			1	Wood	2							204	3	5	HOUSING_OBJECT_CATEGORY_SMALL_OTHER	ITEM_INTERIOR_200
CRAFT_RECIPE_INTERIOR_205	Decorative Sword			1	Stone	1	Saltpeter	1	Iron	1			205	3	10	HOUSING_OBJECT_CATEGORY_SMALL_OTHER	ITEM_INTERIOR_188
CRAFT_RECIPE_INTERIOR_206	Hill A			1	Stone	3	Wood	1					206	0	15	HOUSING_OBJECT_CATEGORY_TERRAIN	ITEM_INTERIOR_264
CRAFT_RECIPE_INTERIOR_207	Hill B			1	Stone	2	Wood	1					207	0	15	HOUSING_OBJECT_CATEGORY_TERRAIN	ITEM_INTERIOR_265
CRAFT_RECIPE_INTERIOR_208	Boulder A			1	Stone	2							208	0	5	HOUSING_OBJECT_CATEGORY_NATURE	ITEM_INTERIOR_266
CRAFT_RECIPE_INTERIOR_209	Boulder B			1	Stone	2							209	0	5	HOUSING_OBJECT_CATEGORY_NATURE	ITEM_INTERIOR_267
CRAFT_RECIPE_INTERIOR_210	Broadleaf Tree A			1	Wood	4							210	0	10	HOUSING_OBJECT_CATEGORY_NATURE	ITEM_INTERIOR_268
CRAFT_RECIPE_INTERIOR_211	Coniferous Tree A			1	Wood	4							211	0	10	HOUSING_OBJECT_CATEGORY_NATURE	ITEM_INTERIOR_269
CRAFT_RECIPE_INTERIOR_212	Basic Foundation A			1	Wood	2	Stone	2					212	1	1	HOUSING_OBJECT_CATEGORY_FLOOR	ITEM_INTERIOR_270
CRAFT_RECIPE_INTERIOR_213	Basic Foundation B			1	Wood	1	Stone	1					213	1	1	HOUSING_OBJECT_CATEGORY_FLOOR	ITEM_INTERIOR_271
CRAFT_RECIPE_INTERIOR_216	Basic Chimney A			1	Wood	1	Stone	2					214	1	1	HOUSING_OBJECT_CATEGORY_BUILDING_OTHER	ITEM_INTERIOR_272
CRAFT_RECIPE_INTERIOR_217	Basic Chimney B			1	Wood	1	Stone	2					215	1	1	HOUSING_OBJECT_CATEGORY_BUILDING_OTHER	ITEM_INTERIOR_273
CRAFT_RECIPE_INTERIOR_218	Basic Pillar A			1	Wood	2							217	1	1	HOUSING_OBJECT_CATEGORY_PILLAR	ITEM_INTERIOR_275
CRAFT_RECIPE_INTERIOR_219	Basic Pillar B			1	Wood	1							218	1	1	HOUSING_OBJECT_CATEGORY_PILLAR	ITEM_INTERIOR_276
CRAFT_RECIPE_INTERIOR_220	Basic Gable Roof A			1	Wood	2	Stone	2					219	1	1	HOUSING_OBJECT_CATEGORY_ROOF	ITEM_INTERIOR_277
CRAFT_RECIPE_INTERIOR_221	Basic Gable Roof B			1	Wood	1	Stone	1					220	1	1	HOUSING_OBJECT_CATEGORY_ROOF	ITEM_INTERIOR_278
CRAFT_RECIPE_INTERIOR_222	Basic Gable Roof C			1	Wood	1	Stone	1					221	1	1	HOUSING_OBJECT_CATEGORY_ROOF	ITEM_INTERIOR_279
CRAFT_RECIPE_INTERIOR_223	Basic Gable Roof D			1	Wood	1	Stone	1					222	1	1	HOUSING_OBJECT_CATEGORY_ROOF	ITEM_INTERIOR_280
CRAFT_RECIPE_INTERIOR_224	Basic Flat Roof A			1	Wood	2	Stone	2					223	1	1	HOUSING_OBJECT_CATEGORY_ROOF	ITEM_INTERIOR_283
CRAFT_RECIPE_INTERIOR_225	Basic Flat Roof B			1	Wood	1	Stone	1					224	1	1	HOUSING_OBJECT_CATEGORY_ROOF	ITEM_INTERIOR_284
CRAFT_RECIPE_INTERIOR_226	Basic Entrance Overhang			1	Wood	1	Stone	1					226	1	1	HOUSING_OBJECT_CATEGORY_ROOF	ITEM_INTERIOR_362
CRAFT_RECIPE_INTERIOR_227	Basic Dormer			1	Wood	2	Stone	2					227	1	1	HOUSING_OBJECT_CATEGORY_ROOF	ITEM_INTERIOR_281
CRAFT_RECIPE_INTERIOR_228	Basic Wall A			1	Wood	2	Stone	2					228	1	1	HOUSING_OBJECT_CATEGORY_WALL	ITEM_INTERIOR_285
CRAFT_RECIPE_INTERIOR_229	Basic Wall B			1	Wood	1	Stone	1					229	1	1	HOUSING_OBJECT_CATEGORY_WALL	ITEM_INTERIOR_360
CRAFT_RECIPE_INTERIOR_230	Basic Wall C			1	Stone	1							230	1	1	HOUSING_OBJECT_CATEGORY_WALL	ITEM_INTERIOR_361
CRAFT_RECIPE_INTERIOR_231	Basic Wall with Door Frame			1	Wood	2	Stone	2					231	1	30	HOUSING_OBJECT_CATEGORY_WALL	ITEM_INTERIOR_286
CRAFT_RECIPE_INTERIOR_232	Basic Wall with Window Frame A			1	Wood	2	Stone	2	Powder	1			232	1	1	HOUSING_OBJECT_CATEGORY_WALL	ITEM_INTERIOR_287
CRAFT_RECIPE_INTERIOR_233	Basic Wall with Window Frame B			1	Wood	2	Stone	2	Powder	1			233	1	1	HOUSING_OBJECT_CATEGORY_WALL	ITEM_INTERIOR_288
CRAFT_RECIPE_INTERIOR_234	Basic Floor A			1	Wood	2							234	1	1	HOUSING_OBJECT_CATEGORY_FLOOR	ITEM_INTERIOR_363
CRAFT_RECIPE_INTERIOR_235	Basic Floor B			1	Wood	1							235	1	1	HOUSING_OBJECT_CATEGORY_FLOOR	ITEM_INTERIOR_364
CRAFT_RECIPE_INTERIOR_236	Basic Floor C			1	Wood	1							236	1	1	HOUSING_OBJECT_CATEGORY_FLOOR	ITEM_INTERIOR_365
CRAFT_RECIPE_INTERIOR_237	Wooden Foundation A			1	Wood	2	Stone	2					237	1	1	HOUSING_OBJECT_CATEGORY_FLOOR	ITEM_INTERIOR_290
CRAFT_RECIPE_INTERIOR_238	Wooden Foundation B			1	Wood	1	Stone	1					238	1	1	HOUSING_OBJECT_CATEGORY_FLOOR	ITEM_INTERIOR_291
CRAFT_RECIPE_INTERIOR_239	Wooden Chimney			1	Wood	1	Stone	2					239	1	1	HOUSING_OBJECT_CATEGORY_BUILDING_OTHER	ITEM_INTERIOR_292
CRAFT_RECIPE_INTERIOR_240	Wooden Floor A			1	Wood	2							240	1	1	HOUSING_OBJECT_CATEGORY_FLOOR	ITEM_INTERIOR_293
CRAFT_RECIPE_INTERIOR_241	Wooden Floor B			1	Wood	1							241	1	1	HOUSING_OBJECT_CATEGORY_FLOOR	ITEM_INTERIOR_294
CRAFT_RECIPE_INTERIOR_242	Wooden Floor C			1	Wood	1							242	1	1	HOUSING_OBJECT_CATEGORY_FLOOR	ITEM_INTERIOR_295
CRAFT_RECIPE_INTERIOR_243	Wooden Pillar A			1	Wood	2							245	1	1	HOUSING_OBJECT_CATEGORY_PILLAR	ITEM_INTERIOR_298
CRAFT_RECIPE_INTERIOR_244	Wooden Pillar B			1	Wood	1							246	1	1	HOUSING_OBJECT_CATEGORY_PILLAR	ITEM_INTERIOR_299
CRAFT_RECIPE_INTERIOR_245	Wooden Pillar C			1	Wood	2							247	1	1	HOUSING_OBJECT_CATEGORY_PILLAR	ITEM_INTERIOR_300
CRAFT_RECIPE_INTERIOR_246	Wooden Gable Roof A			1	Wood	2	Stone	2					248	1	1	HOUSING_OBJECT_CATEGORY_ROOF	ITEM_INTERIOR_302
CRAFT_RECIPE_INTERIOR_247	Wooden Gable Roof B			1	Wood	1	Stone	1					249	1	1	HOUSING_OBJECT_CATEGORY_ROOF	ITEM_INTERIOR_303
CRAFT_RECIPE_INTERIOR_248	Wooden Gable Roof C			1	Wood	1	Stone	1					250	1	1	HOUSING_OBJECT_CATEGORY_ROOF	ITEM_INTERIOR_304
CRAFT_RECIPE_INTERIOR_249	Wooden Gable Roof D			1	Wood	1	Stone	1					251	1	1	HOUSING_OBJECT_CATEGORY_ROOF	ITEM_INTERIOR_305
CRAFT_RECIPE_INTERIOR_250	Wooden Flat Roof A			1	Wood	2	Stone	2					252	1	1	HOUSING_OBJECT_CATEGORY_ROOF	ITEM_INTERIOR_307
CRAFT_RECIPE_INTERIOR_251	Wooden Flat Roof B			1	Wood	1	Stone	1					253	1	1	HOUSING_OBJECT_CATEGORY_ROOF	ITEM_INTERIOR_308
CRAFT_RECIPE_INTERIOR_252	Wooden Entrance Overhang			1	Wood	1	Stone	1					254	1	1	HOUSING_OBJECT_CATEGORY_ROOF	ITEM_INTERIOR_367
CRAFT_RECIPE_INTERIOR_253	Wooden Walkway			1	Wood	2							255	1	1	HOUSING_OBJECT_CATEGORY_BUILDING_OTHER	ITEM_INTERIOR_309
CRAFT_RECIPE_INTERIOR_254	Wooden Wall A			1	Wood	2							256	1	1	HOUSING_OBJECT_CATEGORY_WALL	ITEM_INTERIOR_310
CRAFT_RECIPE_INTERIOR_255	Wooden Wall B			1	Wood	2							257	1	1	HOUSING_OBJECT_CATEGORY_WALL	ITEM_INTERIOR_311
CRAFT_RECIPE_INTERIOR_256	Wooden Wall C			1	Wood	2							258	1	1	HOUSING_OBJECT_CATEGORY_WALL	ITEM_INTERIOR_366
CRAFT_RECIPE_INTERIOR_257	Wooden Wall with Door Frame			1	Wood	3							259	1	30	HOUSING_OBJECT_CATEGORY_WALL	ITEM_INTERIOR_312
CRAFT_RECIPE_INTERIOR_258	Wooden Wall with Window Frame			1	Wood	2	Powder	1					260	1	1	HOUSING_OBJECT_CATEGORY_WALL	ITEM_INTERIOR_313
CRAFT_RECIPE_INTERIOR_259	Wooden Stairs A			1	Wood	2							261	1	1	HOUSING_OBJECT_CATEGORY_STEP	ITEM_INTERIOR_371
CRAFT_RECIPE_INTERIOR_260	Wooden Stairs B			1	Wood	1							262	1	1	HOUSING_OBJECT_CATEGORY_STEP	ITEM_INTERIOR_372
CRAFT_RECIPE_INTERIOR_261	Stone Chimney A			1	Stone	2							263	1	1	HOUSING_OBJECT_CATEGORY_BUILDING_OTHER	ITEM_INTERIOR_315
CRAFT_RECIPE_INTERIOR_262	Stone Chimney B			1	Stone	2							264	1	1	HOUSING_OBJECT_CATEGORY_BUILDING_OTHER	ITEM_INTERIOR_316
CRAFT_RECIPE_INTERIOR_263	Stone Floor A			1	Stone	2							265	1	1	HOUSING_OBJECT_CATEGORY_FLOOR	ITEM_INTERIOR_318
CRAFT_RECIPE_INTERIOR_264	Stone Floor B			1	Stone	1							266	1	1	HOUSING_OBJECT_CATEGORY_FLOOR	ITEM_INTERIOR_319
CRAFT_RECIPE_INTERIOR_265	Stone Floor C			1	Stone	1							267	1	1	HOUSING_OBJECT_CATEGORY_FLOOR	ITEM_INTERIOR_320
CRAFT_RECIPE_INTERIOR_266	Stone Foundation A			1	Stone	2							486	1	1	HOUSING_OBJECT_CATEGORY_FLOOR	ITEM_INTERIOR_484
CRAFT_RECIPE_INTERIOR_267	Stone Foundation B			1	Stone	2							482	1	1	HOUSING_OBJECT_CATEGORY_FLOOR	ITEM_INTERIOR_485
CRAFT_RECIPE_INTERIOR_268	Stone Pillar A			1	Stone	2							268	1	1	HOUSING_OBJECT_CATEGORY_PILLAR	ITEM_INTERIOR_321
CRAFT_RECIPE_INTERIOR_269	Stone Pillar B			1	Stone	1							269	1	1	HOUSING_OBJECT_CATEGORY_PILLAR	ITEM_INTERIOR_322
CRAFT_RECIPE_INTERIOR_270	Stone Pillar C			1	Stone	2							270	1	1	HOUSING_OBJECT_CATEGORY_PILLAR	ITEM_INTERIOR_323
CRAFT_RECIPE_INTERIOR_271	Stone Gable Roof A			1	Wood	2	Stone	2					271	1	1	HOUSING_OBJECT_CATEGORY_ROOF	ITEM_INTERIOR_325
CRAFT_RECIPE_INTERIOR_272	Stone Gable Roof B			1	Wood	1	Stone	1					272	1	1	HOUSING_OBJECT_CATEGORY_ROOF	ITEM_INTERIOR_326
CRAFT_RECIPE_INTERIOR_273	Stone Gable Roof C			1	Wood	1	Stone	1					273	1	1	HOUSING_OBJECT_CATEGORY_ROOF	ITEM_INTERIOR_327
CRAFT_RECIPE_INTERIOR_274	Stone Gable Roof D			1	Wood	1	Stone	1					274	1	1	HOUSING_OBJECT_CATEGORY_ROOF	ITEM_INTERIOR_328
CRAFT_RECIPE_INTERIOR_275	Stone Flat Roof A			1	Wood	2	Stone	2					275	1	1	HOUSING_OBJECT_CATEGORY_ROOF	ITEM_INTERIOR_330
CRAFT_RECIPE_INTERIOR_276	Stone Flat Roof B			1	Wood	1	Stone	1					276	1	1	HOUSING_OBJECT_CATEGORY_ROOF	ITEM_INTERIOR_331
CRAFT_RECIPE_INTERIOR_277	Stone Entrance Overhang			1	Wood	1	Stone	1					277	1	1	HOUSING_OBJECT_CATEGORY_ROOF	ITEM_INTERIOR_374
CRAFT_RECIPE_INTERIOR_278	Stone Walkway			1	Stone	2							278	1	1	HOUSING_OBJECT_CATEGORY_BUILDING_OTHER	ITEM_INTERIOR_332
CRAFT_RECIPE_INTERIOR_279	Stone Wall A			1	Stone	2							279	1	1	HOUSING_OBJECT_CATEGORY_WALL	ITEM_INTERIOR_333
CRAFT_RECIPE_INTERIOR_280	Stone Wall B			1	Stone	2							280	1	1	HOUSING_OBJECT_CATEGORY_WALL	ITEM_INTERIOR_334
CRAFT_RECIPE_INTERIOR_281	Stone Wall C			1	Stone	2							281	1	1	HOUSING_OBJECT_CATEGORY_WALL	ITEM_INTERIOR_373
CRAFT_RECIPE_INTERIOR_282	Stone Wall with Door Frame			1	Stone	2	Wood	1					282	1	30	HOUSING_OBJECT_CATEGORY_WALL	ITEM_INTERIOR_335
CRAFT_RECIPE_INTERIOR_283	Stone Wall with Window Frame			1	Stone	2	Wood	1	Powder	1			283	1	1	HOUSING_OBJECT_CATEGORY_WALL	ITEM_INTERIOR_336
CRAFT_RECIPE_INTERIOR_284	Log House Floor A			1	Wood	2							284	1	1	HOUSING_OBJECT_CATEGORY_FLOOR	ITEM_INTERIOR_337
CRAFT_RECIPE_INTERIOR_285	Log House Floor B			1	Wood	1							285	1	1	HOUSING_OBJECT_CATEGORY_FLOOR	ITEM_INTERIOR_338
CRAFT_RECIPE_INTERIOR_286	Log House Floor C			1	Wood	1							286	1	1	HOUSING_OBJECT_CATEGORY_FLOOR	ITEM_INTERIOR_339
CRAFT_RECIPE_INTERIOR_287	Log House Floor D			1	Wood	2							287	1	1	HOUSING_OBJECT_CATEGORY_PILLAR	ITEM_INTERIOR_340
CRAFT_RECIPE_INTERIOR_288	Log House Floor E			1	Wood	1							288	1	1	HOUSING_OBJECT_CATEGORY_PILLAR	ITEM_INTERIOR_341
CRAFT_RECIPE_INTERIOR_289	Log House Floor F			1	Wood	1							289	1	1	HOUSING_OBJECT_CATEGORY_PILLAR	ITEM_INTERIOR_342
CRAFT_RECIPE_INTERIOR_290	Log House Pillar A			1	Wood	2							484	1	1	HOUSING_OBJECT_CATEGORY_PILLAR	ITEM_INTERIOR_486
CRAFT_RECIPE_INTERIOR_291	Log House Pillar B			1	Wood	1							485	1	1	HOUSING_OBJECT_CATEGORY_PILLAR	ITEM_INTERIOR_487
CRAFT_RECIPE_INTERIOR_292	Log House Handrail			1	Wood	2							483	1	1	HOUSING_OBJECT_CATEGORY_PILLAR	ITEM_INTERIOR_488
CRAFT_RECIPE_INTERIOR_293	Log House Gable Roof A			1	Wood	2	Stone	2					290	1	1	HOUSING_OBJECT_CATEGORY_ROOF	ITEM_INTERIOR_343
CRAFT_RECIPE_INTERIOR_294	Log House Gable Roof B			1	Wood	1	Stone	1					291	1	1	HOUSING_OBJECT_CATEGORY_ROOF	ITEM_INTERIOR_344
CRAFT_RECIPE_INTERIOR_295	Log House Gable Roof C			1	Wood	1	Stone	1					292	1	1	HOUSING_OBJECT_CATEGORY_ROOF	ITEM_INTERIOR_345
CRAFT_RECIPE_INTERIOR_296	Log House Gable Roof D			1	Wood	2	Stone	2					293	1	1	HOUSING_OBJECT_CATEGORY_ROOF	ITEM_INTERIOR_346
CRAFT_RECIPE_INTERIOR_297	Log House Flat Roof A			1	Wood	2	Stone	2					294	1	1	HOUSING_OBJECT_CATEGORY_ROOF	ITEM_INTERIOR_348
CRAFT_RECIPE_INTERIOR_298	Log House Flat Roof B			1	Wood	1	Stone	1					295	1	1	HOUSING_OBJECT_CATEGORY_ROOF	ITEM_INTERIOR_349
CRAFT_RECIPE_INTERIOR_299	Log House Entrance Overhang			1	Wood	1	Stone	1					296	1	1	HOUSING_OBJECT_CATEGORY_ROOF	ITEM_INTERIOR_375
CRAFT_RECIPE_INTERIOR_300	Log House Wall A			1	Wood	2							297	1	1	HOUSING_OBJECT_CATEGORY_WALL	ITEM_INTERIOR_350
CRAFT_RECIPE_INTERIOR_301	Log House Wall B			1	Wood	2							298	1	1	HOUSING_OBJECT_CATEGORY_WALL	ITEM_INTERIOR_351
CRAFT_RECIPE_INTERIOR_302	Log House Wall C			1	Wood	2							299	1	1	HOUSING_OBJECT_CATEGORY_WALL	ITEM_INTERIOR_352
CRAFT_RECIPE_INTERIOR_303	Log House Wall D			1	Wood	2											ITEM_INTERIOR_489
CRAFT_RECIPE_INTERIOR_304	Log House Wall with Door Frame			1	Wood	2							300	1	30	HOUSING_OBJECT_CATEGORY_WALL	ITEM_INTERIOR_353
CRAFT_RECIPE_INTERIOR_305	Log House Wall with Window Frame			1	Wood	2							301	1	1	HOUSING_OBJECT_CATEGORY_WALL	ITEM_INTERIOR_354
CRAFT_RECIPE_INTERIOR_306	Log House Walkway			1	Wood	2							302	1	1	HOUSING_OBJECT_CATEGORY_BUILDING_OTHER	ITEM_INTERIOR_376
CRAFT_RECIPE_INTERIOR_307	Ruin Wall A			1	Stone	2							303	1	1	HOUSING_OBJECT_CATEGORY_WALL	ITEM_INTERIOR_377
CRAFT_RECIPE_INTERIOR_308	Ruin Wall B			1	Stone	2							304	1	1	HOUSING_OBJECT_CATEGORY_WALL	ITEM_INTERIOR_378
CRAFT_RECIPE_INTERIOR_309	Ruin Wall C			1	Stone	1							305	1	1	HOUSING_OBJECT_CATEGORY_WALL	ITEM_INTERIOR_379
CRAFT_RECIPE_INTERIOR_310	Ruin Wall with Door Frame			1	Stone	2							306	1	30	HOUSING_OBJECT_CATEGORY_WALL	ITEM_INTERIOR_380
CRAFT_RECIPE_INTERIOR_311	Ruin Wall with Window Frame A			1	Stone	2	Wood	1					307	1	1	HOUSING_OBJECT_CATEGORY_WALL	ITEM_INTERIOR_381
CRAFT_RECIPE_INTERIOR_312	Ruin Wall with Window Frame B			1	Stone	2	Wood	1					308	1	1	HOUSING_OBJECT_CATEGORY_WALL	ITEM_INTERIOR_382
CRAFT_RECIPE_INTERIOR_313	Ruin Gable Roof A			1	Stone	2							309	1	1	HOUSING_OBJECT_CATEGORY_ROOF	ITEM_INTERIOR_383
CRAFT_RECIPE_INTERIOR_314	Ruin Gable Roof B			1	Stone	2							310	1	1	HOUSING_OBJECT_CATEGORY_ROOF	ITEM_INTERIOR_384
CRAFT_RECIPE_INTERIOR_315	Ruin Gable Roof C			1	Stone	2							311	1	1	HOUSING_OBJECT_CATEGORY_ROOF	ITEM_INTERIOR_385
CRAFT_RECIPE_INTERIOR_316	Ruin Gable Roof D			1	Stone	2							312	1	1	HOUSING_OBJECT_CATEGORY_ROOF	ITEM_INTERIOR_386
CRAFT_RECIPE_INTERIOR_317	Ruin Flat Roof A			1	Stone	2							313	1	1	HOUSING_OBJECT_CATEGORY_ROOF	ITEM_INTERIOR_387
CRAFT_RECIPE_INTERIOR_318	Ruin Flat Roof B			1	Stone	2							314	1	1	HOUSING_OBJECT_CATEGORY_ROOF	ITEM_INTERIOR_388
CRAFT_RECIPE_INTERIOR_319	Ruin Entrance Overhang			1	Stone	2							315	1	1	HOUSING_OBJECT_CATEGORY_ROOF	ITEM_INTERIOR_389
CRAFT_RECIPE_INTERIOR_320	Ruin Floor A			1	Stone	2							316	1	1	HOUSING_OBJECT_CATEGORY_FLOOR	ITEM_INTERIOR_390
CRAFT_RECIPE_INTERIOR_321	Ruin Floor B			1	Stone	2							317	1	1	HOUSING_OBJECT_CATEGORY_FLOOR	ITEM_INTERIOR_391
CRAFT_RECIPE_INTERIOR_322	Ruin Floor C			1	Stone	1							318	1	1	HOUSING_OBJECT_CATEGORY_FLOOR	ITEM_INTERIOR_392
CRAFT_RECIPE_INTERIOR_323	Ruin Floor D			1	Stone	1							319	1	1	HOUSING_OBJECT_CATEGORY_FLOOR	ITEM_INTERIOR_393
CRAFT_RECIPE_INTERIOR_324	Ruin Floor E			1	Stone	1							320	1	1	HOUSING_OBJECT_CATEGORY_FLOOR	ITEM_INTERIOR_394
CRAFT_RECIPE_INTERIOR_325	Ruin Foundation A			1	Stone	2							322	1	1	HOUSING_OBJECT_CATEGORY_FLOOR	ITEM_INTERIOR_396
CRAFT_RECIPE_INTERIOR_326	Ruin Foundation B			1	Stone	2							323	1	1	HOUSING_OBJECT_CATEGORY_FLOOR	ITEM_INTERIOR_397
CRAFT_RECIPE_INTERIOR_327	Ruin Stairs A			1	Stone	2							324	1	1	HOUSING_OBJECT_CATEGORY_STEP	ITEM_INTERIOR_398
CRAFT_RECIPE_INTERIOR_328	Ruin Stairs B			1	Stone	1							325	1	1	HOUSING_OBJECT_CATEGORY_STEP	ITEM_INTERIOR_399
CRAFT_RECIPE_INTERIOR_329	Ruin Walkway			1	Stone	2							326	1	1	HOUSING_OBJECT_CATEGORY_BUILDING_OTHER	ITEM_INTERIOR_400
CRAFT_RECIPE_INTERIOR_330	Ruin Pillar A			1	Stone	2							327	1	1	HOUSING_OBJECT_CATEGORY_PILLAR	ITEM_INTERIOR_401
CRAFT_RECIPE_INTERIOR_331	Ruin Pillar B			1	Stone	2							328	1	1	HOUSING_OBJECT_CATEGORY_PILLAR	ITEM_INTERIOR_402
CRAFT_RECIPE_INTERIOR_332	Ruin Pillar C			1	Stone	2							329	1	1	HOUSING_OBJECT_CATEGORY_PILLAR	ITEM_INTERIOR_403
CRAFT_RECIPE_INTERIOR_333	Ruin Pillar D			1	Stone	1							330	1	1	HOUSING_OBJECT_CATEGORY_PILLAR	ITEM_INTERIOR_404
CRAFT_RECIPE_INTERIOR_334	Ruin Exterior A			1	Stone	1	Wood	1					331	1	1	HOUSING_OBJECT_CATEGORY_BUILDING_OTHER	ITEM_INTERIOR_405
CRAFT_RECIPE_INTERIOR_335	Ruin Exterior B			1	Stone	2	Wood	2					332	1	1	HOUSING_OBJECT_CATEGORY_BUILDING_OTHER	ITEM_INTERIOR_406
CRAFT_RECIPE_INTERIOR_336	Foreign Wall A			1	Wood	2	Stone	2					333	1	1	HOUSING_OBJECT_CATEGORY_WALL	ITEM_INTERIOR_407
CRAFT_RECIPE_INTERIOR_337	Foreign Wall B			1	Wood	1	Stone	1					334	1	1	HOUSING_OBJECT_CATEGORY_WALL	ITEM_INTERIOR_408
CRAFT_RECIPE_INTERIOR_338	Foreign Wall C			1	Stone	1							335	1	1	HOUSING_OBJECT_CATEGORY_WALL	ITEM_INTERIOR_409
CRAFT_RECIPE_INTERIOR_339	Foreign Wall with Door Frame			1	Wood	2	Stone	2					336	1	30	HOUSING_OBJECT_CATEGORY_WALL	ITEM_INTERIOR_410
CRAFT_RECIPE_INTERIOR_340	Foreign Wall with Window Frame			1	Wood	2	Stone	2	Fiber	1			337	1	1	HOUSING_OBJECT_CATEGORY_WALL	ITEM_INTERIOR_411
CRAFT_RECIPE_INTERIOR_341	Foreign Gable Roof A			1	Wood	2	Stone	2					338	1	1	HOUSING_OBJECT_CATEGORY_ROOF	ITEM_INTERIOR_412
CRAFT_RECIPE_INTERIOR_342	Foreign Gable Roof B			1	Wood	1	Stone	1					339	1	1	HOUSING_OBJECT_CATEGORY_ROOF	ITEM_INTERIOR_413
CRAFT_RECIPE_INTERIOR_343	Foreign Gable Roof C			1	Wood	1	Stone	1					340	1	1	HOUSING_OBJECT_CATEGORY_ROOF	ITEM_INTERIOR_414
CRAFT_RECIPE_INTERIOR_344	Foreign Gable Roof D			1	Wood	1	Stone	1					341	1	1	HOUSING_OBJECT_CATEGORY_ROOF	ITEM_INTERIOR_415
CRAFT_RECIPE_INTERIOR_345	Foreign Flat Roof A			1	Wood	2	Stone	2					342	1	1	HOUSING_OBJECT_CATEGORY_ROOF	ITEM_INTERIOR_416
CRAFT_RECIPE_INTERIOR_346	Foreign Flat Roof B			1	Wood	1	Stone	1					343	1	1	HOUSING_OBJECT_CATEGORY_ROOF	ITEM_INTERIOR_417
CRAFT_RECIPE_INTERIOR_347	Foreign Entrance Overhang			1	Wood	1	Stone	1					344	1	1	HOUSING_OBJECT_CATEGORY_ROOF	ITEM_INTERIOR_418
CRAFT_RECIPE_INTERIOR_348	Foreign Floor A			1	Wood	2							345	1	1	HOUSING_OBJECT_CATEGORY_FLOOR	ITEM_INTERIOR_419
CRAFT_RECIPE_INTERIOR_349	Foreign Floor B			1	Wood	1							346	1	1	HOUSING_OBJECT_CATEGORY_FLOOR	ITEM_INTERIOR_420
CRAFT_RECIPE_INTERIOR_350	Foreign Floor C			1	Wood	1							347	1	1	HOUSING_OBJECT_CATEGORY_FLOOR	ITEM_INTERIOR_421
CRAFT_RECIPE_INTERIOR_351	Foreign Foundation A			1	Wood	2	Stone	1					348	1	1	HOUSING_OBJECT_CATEGORY_FLOOR	ITEM_INTERIOR_422
CRAFT_RECIPE_INTERIOR_352	Foreign Foundation B			1	Wood	1	Stone	1					349	1	1	HOUSING_OBJECT_CATEGORY_FLOOR	ITEM_INTERIOR_423
CRAFT_RECIPE_INTERIOR_353	Foreign Pillar A			1	Wood	2							353	1	1	HOUSING_OBJECT_CATEGORY_PILLAR	ITEM_INTERIOR_427
CRAFT_RECIPE_INTERIOR_354	Foreign Pillar B			1	Wood	1							354	1	1	HOUSING_OBJECT_CATEGORY_PILLAR	ITEM_INTERIOR_428
CRAFT_RECIPE_INTERIOR_355	Foreign Exterior A			1	Wood	2	Stone	2					355	1	1	HOUSING_OBJECT_CATEGORY_BUILDING_OTHER	ITEM_INTERIOR_429
CRAFT_RECIPE_INTERIOR_356	Foreign Exterior B			1	Wood	1							356	1	1	HOUSING_OBJECT_CATEGORY_BUILDING_OTHER	ITEM_INTERIOR_430
CRAFT_RECIPE_INTERIOR_357	Foreign Exterior C			1	Wood	2	Stone	2					357	1	1	HOUSING_OBJECT_CATEGORY_BUILDING_OTHER	ITEM_INTERIOR_431
CRAFT_RECIPE_INTERIOR_358	Sivash Wall A			1	Stone	2							358	1	1	HOUSING_OBJECT_CATEGORY_WALL	ITEM_INTERIOR_432
CRAFT_RECIPE_INTERIOR_359	Sivash Wall B			1	Stone	1							359	1	1	HOUSING_OBJECT_CATEGORY_WALL	ITEM_INTERIOR_433
CRAFT_RECIPE_INTERIOR_360	Sivash Wall C			1	Stone	1							360	1	1	HOUSING_OBJECT_CATEGORY_WALL	ITEM_INTERIOR_434
CRAFT_RECIPE_INTERIOR_361	Sivash Wall with Door Frame			1	Stone	2							361	1	30	HOUSING_OBJECT_CATEGORY_WALL	ITEM_INTERIOR_435
CRAFT_RECIPE_INTERIOR_362	Sivash Wall with Window Frame			1	Stone	2	Water	1					362	1	1	HOUSING_OBJECT_CATEGORY_WALL	ITEM_INTERIOR_436
CRAFT_RECIPE_INTERIOR_363	Sivash Gable Roof A			1	Wood	2	Stone	2					363	1	1	HOUSING_OBJECT_CATEGORY_ROOF	ITEM_INTERIOR_437
CRAFT_RECIPE_INTERIOR_364	Sivash Gable Roof B			1	Wood	1	Stone	1					364	1	1	HOUSING_OBJECT_CATEGORY_ROOF	ITEM_INTERIOR_438
CRAFT_RECIPE_INTERIOR_365	Sivash Gable Roof C			1	Wood	1	Stone	1					366	1	1	HOUSING_OBJECT_CATEGORY_ROOF	ITEM_INTERIOR_439
CRAFT_RECIPE_INTERIOR_366	Sivash Gable Roof D			1	Wood	2	Stone	2					365	1	1	HOUSING_OBJECT_CATEGORY_ROOF	ITEM_INTERIOR_440
CRAFT_RECIPE_INTERIOR_367	Sivash Gable Roof E			1	Wood	2	Stone	2	Water	1			367	1	1	HOUSING_OBJECT_CATEGORY_ROOF	ITEM_INTERIOR_441
CRAFT_RECIPE_INTERIOR_368	Sivash Gable Roof F			1	Wood	1	Stone	1	Water	1			368	1	1	HOUSING_OBJECT_CATEGORY_ROOF	ITEM_INTERIOR_442
CRAFT_RECIPE_INTERIOR_369	Sivash Flat Roof A			1	Wood	2	Stone	2					369	1	1	HOUSING_OBJECT_CATEGORY_ROOF	ITEM_INTERIOR_443
CRAFT_RECIPE_INTERIOR_370	Sivash Flat Roof B			1	Wood	1	Stone	1					370	1	1	HOUSING_OBJECT_CATEGORY_ROOF	ITEM_INTERIOR_444
CRAFT_RECIPE_INTERIOR_371	Sivash Entrance Overhang			1	Wood	1	Stone	1					371	1	1	HOUSING_OBJECT_CATEGORY_ROOF	ITEM_INTERIOR_445
CRAFT_RECIPE_INTERIOR_372	Sivash Chimney			1	Wood	2							372	1	1	HOUSING_OBJECT_CATEGORY_BUILDING_OTHER	ITEM_INTERIOR_446
CRAFT_RECIPE_INTERIOR_373	Sivash Floor A			1	Stone	2							373	1	1	HOUSING_OBJECT_CATEGORY_FLOOR	ITEM_INTERIOR_447
CRAFT_RECIPE_INTERIOR_374	Sivash Floor B			1	Stone	1							374	1	1	HOUSING_OBJECT_CATEGORY_FLOOR	ITEM_INTERIOR_448
CRAFT_RECIPE_INTERIOR_375	Sivash Floor C			1	Stone	1							375	1	1	HOUSING_OBJECT_CATEGORY_FLOOR	ITEM_INTERIOR_449
CRAFT_RECIPE_INTERIOR_376	Sivash Foundation A			1	Stone	2							376	1	1	HOUSING_OBJECT_CATEGORY_FLOOR	ITEM_INTERIOR_450
CRAFT_RECIPE_INTERIOR_377	Sivash Foundation B			1	Stone	2							377	1	1	HOUSING_OBJECT_CATEGORY_FLOOR	ITEM_INTERIOR_451
CRAFT_RECIPE_INTERIOR_378	Sivash Stairs A			1	Stone	2							378	1	1	HOUSING_OBJECT_CATEGORY_BUILDING_OTHER	ITEM_INTERIOR_452
CRAFT_RECIPE_INTERIOR_379	Sivash Stairs B			1	Stone	2							379	1	1	HOUSING_OBJECT_CATEGORY_BUILDING_OTHER	ITEM_INTERIOR_453
CRAFT_RECIPE_INTERIOR_380	Sivash Walkway			1	Stone	2	Water	1					380	1	1	HOUSING_OBJECT_CATEGORY_BUILDING_OTHER	ITEM_INTERIOR_454
CRAFT_RECIPE_INTERIOR_381	Sivash Pillar A			1	Stone	2							381	1	1	HOUSING_OBJECT_CATEGORY_PILLAR	ITEM_INTERIOR_455
CRAFT_RECIPE_INTERIOR_382	Sivash Pillar B			1	Stone	1							382	1	1	HOUSING_OBJECT_CATEGORY_PILLAR	ITEM_INTERIOR_456
CRAFT_RECIPE_INTERIOR_383	Auruma Wall A			1	Stone	2							383	1	1	HOUSING_OBJECT_CATEGORY_WALL	ITEM_INTERIOR_457
CRAFT_RECIPE_INTERIOR_384	Auruma Wall B			1	Stone	1							384	1	1	HOUSING_OBJECT_CATEGORY_WALL	ITEM_INTERIOR_458
CRAFT_RECIPE_INTERIOR_385	Auruma Wall C			1	Stone	1							385	1	1	HOUSING_OBJECT_CATEGORY_WALL	ITEM_INTERIOR_459
CRAFT_RECIPE_INTERIOR_386	Auruma Wall with Door Frame			1	Stone	2							386	1	30	HOUSING_OBJECT_CATEGORY_WALL	ITEM_INTERIOR_460
CRAFT_RECIPE_INTERIOR_387	Auruma Wall with Window Frame			1	Stone	2							387	1	1	HOUSING_OBJECT_CATEGORY_WALL	ITEM_INTERIOR_461
CRAFT_RECIPE_INTERIOR_388	Auruma Gable Roof A			1	Wood	2	Stone	2					388	1	1	HOUSING_OBJECT_CATEGORY_ROOF	ITEM_INTERIOR_462
CRAFT_RECIPE_INTERIOR_389	Auruma Gable Roof B			1	Wood	1	Stone	1					389	1	1	HOUSING_OBJECT_CATEGORY_ROOF	ITEM_INTERIOR_463
CRAFT_RECIPE_INTERIOR_390	Auruma Gable Roof C			1	Wood	1	Stone	1					390	1	1	HOUSING_OBJECT_CATEGORY_ROOF	ITEM_INTERIOR_464
CRAFT_RECIPE_INTERIOR_391	Auruma Gable Roof D			1	Wood	2	Stone	2					391	1	1	HOUSING_OBJECT_CATEGORY_ROOF	ITEM_INTERIOR_465
CRAFT_RECIPE_INTERIOR_392	Auruma Flat Roof A			1	Wood	2	Stone	2					392	1	1	HOUSING_OBJECT_CATEGORY_ROOF	ITEM_INTERIOR_466
CRAFT_RECIPE_INTERIOR_393	Auruma Flat Roof B			1	Wood	1	Stone	1					393	1	1	HOUSING_OBJECT_CATEGORY_ROOF	ITEM_INTERIOR_467
CRAFT_RECIPE_INTERIOR_394	Auruma Entrance Overhang			1	Wood	1	Stone	1					394	1	1	HOUSING_OBJECT_CATEGORY_ROOF	ITEM_INTERIOR_468
CRAFT_RECIPE_INTERIOR_395	Auruma Chimney			1	Stone	2							395	1	1	HOUSING_OBJECT_CATEGORY_BUILDING_OTHER	ITEM_INTERIOR_469
CRAFT_RECIPE_INTERIOR_396	Auruma Floor A			1	Stone	2							396	1	1	HOUSING_OBJECT_CATEGORY_FLOOR	ITEM_INTERIOR_470
CRAFT_RECIPE_INTERIOR_397	Auruma Floor B			1	Stone	1							397	1	1	HOUSING_OBJECT_CATEGORY_FLOOR	ITEM_INTERIOR_471
CRAFT_RECIPE_INTERIOR_398	Auruma Floor C			1	Stone	2							398	1	1	HOUSING_OBJECT_CATEGORY_FLOOR	ITEM_INTERIOR_472
CRAFT_RECIPE_INTERIOR_399	Auruma Floor D			1	Stone	1							399	1	1	HOUSING_OBJECT_CATEGORY_FLOOR	ITEM_INTERIOR_473
CRAFT_RECIPE_INTERIOR_400	Auruma Foundation A			1	Stone	2							400	1	1	HOUSING_OBJECT_CATEGORY_FLOOR	ITEM_INTERIOR_474
CRAFT_RECIPE_INTERIOR_401	Auruma Foundation B			1	Stone	2							401	1	1	HOUSING_OBJECT_CATEGORY_FLOOR	ITEM_INTERIOR_475
CRAFT_RECIPE_INTERIOR_402	Auruma Foundation C			1	Stone	2							402	1	1	HOUSING_OBJECT_CATEGORY_FLOOR	ITEM_INTERIOR_476
CRAFT_RECIPE_INTERIOR_403	Auruma Stairs A			1	Stone	2							403	1	1	HOUSING_OBJECT_CATEGORY_BUILDING_OTHER	ITEM_INTERIOR_477
CRAFT_RECIPE_INTERIOR_404	Auruma Stairs B			1	Stone	2							404	1	1	HOUSING_OBJECT_CATEGORY_BUILDING_OTHER	ITEM_INTERIOR_478
CRAFT_RECIPE_INTERIOR_405	Auruma Walkway			1	Stone	2							405	1	1	HOUSING_OBJECT_CATEGORY_BUILDING_OTHER	ITEM_INTERIOR_479
CRAFT_RECIPE_INTERIOR_406	Auruma Pillar A			1	Stone	2							406	1	1	HOUSING_OBJECT_CATEGORY_PILLAR	ITEM_INTERIOR_480
CRAFT_RECIPE_INTERIOR_407	Auruma Pillar B			1	Stone	1							407	1	1	HOUSING_OBJECT_CATEGORY_PILLAR	ITEM_INTERIOR_481
CRAFT_RECIPE_INTERIOR_408	Alber Fence			1	Wood	2							408	1	1	HOUSING_OBJECT_CATEGORY_SMALL_OTHER	ITEM_INTERIOR_490
CRAFT_RECIPE_INTERIOR_409	Brick Wall A			1	Stone	2							409	1	1	HOUSING_OBJECT_CATEGORY_WALL	ITEM_INTERIOR_491
CRAFT_RECIPE_INTERIOR_410	Brick Wall B			1	Stone	1							410	1	1	HOUSING_OBJECT_CATEGORY_WALL	ITEM_INTERIOR_492
CRAFT_RECIPE_INTERIOR_411	Brick Wall C			1	Stone	1							411	1	1	HOUSING_OBJECT_CATEGORY_WALL	ITEM_INTERIOR_493
CRAFT_RECIPE_INTERIOR_412	Brick Wall with Door Frame			1	Stone	2							412	1	30	HOUSING_OBJECT_CATEGORY_WALL	ITEM_INTERIOR_494
CRAFT_RECIPE_INTERIOR_413	Brick Wall with Window Frame			1	Stone	2							413	1	1	HOUSING_OBJECT_CATEGORY_WALL	ITEM_INTERIOR_495
CRAFT_RECIPE_INTERIOR_414	Royal Capital Wall A			1	Stone	2							414	1	1	HOUSING_OBJECT_CATEGORY_WALL	ITEM_INTERIOR_496
CRAFT_RECIPE_INTERIOR_415	Royal Capital Wall B			1	Stone	1							415	1	1	HOUSING_OBJECT_CATEGORY_ROOF	ITEM_INTERIOR_497
CRAFT_RECIPE_INTERIOR_416	Royal Capital Wall C			1	Stone	1							416	1	1	HOUSING_OBJECT_CATEGORY_WALL	ITEM_INTERIOR_498
CRAFT_RECIPE_INTERIOR_417	Royal Capital Wall with Door Frame			1	Stone	2							417	1	30	HOUSING_OBJECT_CATEGORY_WALL	ITEM_INTERIOR_499
CRAFT_RECIPE_INTERIOR_418	Royal Capital Wall with Window Frame			1	Stone	2							418	1	1	HOUSING_OBJECT_CATEGORY_WALL	ITEM_INTERIOR_500
CRAFT_RECIPE_INTERIOR_419	Royal Capital Gable Roof A			1	Wood	2	Stone	2					419	1	1	HOUSING_OBJECT_CATEGORY_ROOF	ITEM_INTERIOR_501
CRAFT_RECIPE_INTERIOR_420	Royal Capital Gable Roof B			1	Wood	1	Stone	1					420	1	1	HOUSING_OBJECT_CATEGORY_ROOF	ITEM_INTERIOR_502
CRAFT_RECIPE_INTERIOR_421	Royal Capital Gable Roof C			1	Wood	1	Stone	1					421	1	1	HOUSING_OBJECT_CATEGORY_ROOF	ITEM_INTERIOR_503
CRAFT_RECIPE_INTERIOR_422	Royal Capital Gable Roof D			1	Wood	2	Stone	2					422	1	1	HOUSING_OBJECT_CATEGORY_ROOF	ITEM_INTERIOR_504
CRAFT_RECIPE_INTERIOR_423	Royal Capital Flat Roof A			1	Wood	2	Stone	2					423	1	1	HOUSING_OBJECT_CATEGORY_ROOF	ITEM_INTERIOR_505
CRAFT_RECIPE_INTERIOR_424	Royal Capital Flat Roof B			1	Wood	1	Stone	1					424	1	1	HOUSING_OBJECT_CATEGORY_ROOF	ITEM_INTERIOR_506
CRAFT_RECIPE_INTERIOR_425	Royal Capital Entrance Overhang			1	Wood	1	Stone	1					425	1	1	HOUSING_OBJECT_CATEGORY_ROOF	ITEM_INTERIOR_507
CRAFT_RECIPE_INTERIOR_426	Royal Capital Chimney			1	Stone	2							426	1	1	HOUSING_OBJECT_CATEGORY_BUILDING_OTHER	ITEM_INTERIOR_508
CRAFT_RECIPE_INTERIOR_427	Royal Capital Floor A			1	Stone	2							427	1	1	HOUSING_OBJECT_CATEGORY_FLOOR	ITEM_INTERIOR_509
CRAFT_RECIPE_INTERIOR_428	Royal Capital Floor B			1	Stone	1							428	1	1	HOUSING_OBJECT_CATEGORY_FLOOR	ITEM_INTERIOR_510
CRAFT_RECIPE_INTERIOR_429	Royal Capital Floor C			1	Stone	2							429	1	1	HOUSING_OBJECT_CATEGORY_FLOOR	ITEM_INTERIOR_511
CRAFT_RECIPE_INTERIOR_430	Royal Capital Floor D			1	Stone	1							430	1	1	HOUSING_OBJECT_CATEGORY_FLOOR	ITEM_INTERIOR_512
CRAFT_RECIPE_INTERIOR_431	Royal Capital Foundation A			1	Stone	2							431	1	1	HOUSING_OBJECT_CATEGORY_FLOOR	ITEM_INTERIOR_513
CRAFT_RECIPE_INTERIOR_432	Royal Capital Foundation B			1	Stone	2							432	1	1	HOUSING_OBJECT_CATEGORY_FLOOR	ITEM_INTERIOR_514
CRAFT_RECIPE_INTERIOR_433	Royal Capital Foundation C			1	Stone	2							433	1	1	HOUSING_OBJECT_CATEGORY_FLOOR	ITEM_INTERIOR_515
CRAFT_RECIPE_INTERIOR_434	Royal Capital Stairs A			1	Stone	2							434	1	1	HOUSING_OBJECT_CATEGORY_BUILDING_OTHER	ITEM_INTERIOR_516
CRAFT_RECIPE_INTERIOR_435	Royal Capital Stairs B			1	Stone	2							435	1	1	HOUSING_OBJECT_CATEGORY_BUILDING_OTHER	ITEM_INTERIOR_517
CRAFT_RECIPE_INTERIOR_436	Royal Capital Walkway			1	Stone	2							436	1	1	HOUSING_OBJECT_CATEGORY_ROOF	ITEM_INTERIOR_518
CRAFT_RECIPE_INTERIOR_437	Royal Capital Pillar A			1	Stone	2							437	1	1	HOUSING_OBJECT_CATEGORY_PILLAR	ITEM_INTERIOR_519
CRAFT_RECIPE_INTERIOR_438	Royal Capital Pillar B			1	Stone	1							438	1	1	HOUSING_OBJECT_CATEGORY_PILLAR	ITEM_INTERIOR_520
CRAFT_RECIPE_INTERIOR_439	Material Box			1	Wood	5							440	0	10	HOUSING_OBJECT_CATEGORY_MODULE	ITEM_INTERIOR_521
CRAFT_RECIPE_INTERIOR_440	Disassembler			1	Wood	10	Stone	5	Iron	2	Saltpeter	1	439	0	5	HOUSING_OBJECT_CATEGORY_MODULE	ITEM_INTERIOR_522
CRAFT_RECIPE_INTERIOR_441	Shooting Target A			1	Wood	3							441	0	5	HOUSING_OBJECT_CATEGORY_MODULE	ITEM_INTERIOR_523
CRAFT_RECIPE_INTERIOR_442	Shooting Target B			1	Wood	3							442	0	5	HOUSING_OBJECT_CATEGORY_MODULE	ITEM_INTERIOR_524
CRAFT_RECIPE_INTERIOR_443	Shooting Target C			1	Wood	1							443	0	5	HOUSING_OBJECT_CATEGORY_MODULE	ITEM_INTERIOR_525
CRAFT_RECIPE_INTERIOR_444	Treasure			1	Wood	2	Iron	1					444	0	5	HOUSING_OBJECT_CATEGORY_MODULE	ITEM_INTERIOR_526
CRAFT_RECIPE_INTERIOR_445	Music Box A			1	Iron	2							445	0	5	HOUSING_OBJECT_CATEGORY_MODULE	ITEM_INTERIOR_527
CRAFT_RECIPE_INTERIOR_446	Music Box B			1	Iron	2							446	0	5	HOUSING_OBJECT_CATEGORY_MODULE	ITEM_INTERIOR_528
CRAFT_RECIPE_INTERIOR_447	Music Box C			1	Iron	2							447	0	5	HOUSING_OBJECT_CATEGORY_MODULE	ITEM_INTERIOR_529
CRAFT_RECIPE_INTERIOR_448	Music Box D			1	Iron	2							448	0	5	HOUSING_OBJECT_CATEGORY_MODULE	ITEM_INTERIOR_530
CRAFT_RECIPE_INTERIOR_449	Music Box E			1	Iron	2							449	0	5	HOUSING_OBJECT_CATEGORY_MODULE	ITEM_INTERIOR_531
CRAFT_RECIPE_INTERIOR_450	Music Box F			1	Iron	2							450	0	5	HOUSING_OBJECT_CATEGORY_MODULE	ITEM_INTERIOR_532
CRAFT_RECIPE_INTERIOR_451	Music Box G			1	Iron	2							451	0	5	HOUSING_OBJECT_CATEGORY_MODULE	ITEM_INTERIOR_533
CRAFT_RECIPE_INTERIOR_452	Music Box H			1	Iron	2							452	0	5	HOUSING_OBJECT_CATEGORY_MODULE	ITEM_INTERIOR_534
CRAFT_RECIPE_INTERIOR_453	Music Box I			1	Iron	2							453	0	5	HOUSING_OBJECT_CATEGORY_MODULE	ITEM_INTERIOR_535
CRAFT_RECIPE_INTERIOR_454	Music Box J			1	Iron	2							454	0	5	HOUSING_OBJECT_CATEGORY_MODULE	ITEM_INTERIOR_536
CRAFT_RECIPE_INTERIOR_455	Music Box K			1	Iron	2							455	0	5	HOUSING_OBJECT_CATEGORY_MODULE	ITEM_INTERIOR_537
CRAFT_RECIPE_INTERIOR_456	Music Box L			1	Iron	2							456	0	5	HOUSING_OBJECT_CATEGORY_MODULE	ITEM_INTERIOR_538
CRAFT_RECIPE_INTERIOR_457	Weather Vane			1	Iron	2							457	0	5	HOUSING_OBJECT_CATEGORY_MODULE	ITEM_INTERIOR_539
CRAFT_RECIPE_INTERIOR_458	Mini Stage			1	Iron	5							458	0	5	HOUSING_OBJECT_CATEGORY_MODULE	ITEM_INTERIOR_540
CRAFT_RECIPE_INTERIOR_459	Puni Mat			1	Water	3	Fiber	3					459	0	5	HOUSING_OBJECT_CATEGORY_MODULE	ITEM_INTERIOR_541
CRAFT_RECIPE_INTERIOR_460	Decorative Ball			1	Wood	3							460	0	5	HOUSING_OBJECT_CATEGORY_MODULE	ITEM_INTERIOR_542
CRAFT_RECIPE_INTERIOR_461	Prism			1	Iron	5							461	0	5	HOUSING_OBJECT_CATEGORY_MODULE	ITEM_INTERIOR_543
CRAFT_RECIPE_INTERIOR_462	Colored Light			1	Saltpeter	2							462	0	5	HOUSING_OBJECT_CATEGORY_MODULE	ITEM_INTERIOR_544
CRAFT_RECIPE_INTERIOR_463	Alstahlia Flower			1	Saltpeter	10	Wood	10	Powder	10			463	0	5	HOUSING_OBJECT_CATEGORY_MODULE	ITEM_INTERIOR_545
CRAFT_RECIPE_INTERIOR_464	Well			1	Water	20	Stone	10					464	0	5	HOUSING_OBJECT_CATEGORY_MODULE	ITEM_INTERIOR_546
CRAFT_RECIPE_INTERIOR_465	Fruit Tree			1	Fruit	20	Wood	10					465	0	5	HOUSING_OBJECT_CATEGORY_MODULE	ITEM_INTERIOR_547
CRAFT_RECIPE_INTERIOR_466	Mushroom Log			1	Scrap Fabric	10	Wood	20					466	0	5	HOUSING_OBJECT_CATEGORY_MODULE	ITEM_INTERIOR_548
CRAFT_RECIPE_INTERIOR_467	Quarry			1	Saltpeter	10	Stone	10	Charcoal	10			467	0	5	HOUSING_OBJECT_CATEGORY_MODULE	ITEM_INTERIOR_549
CRAFT_RECIPE_INTERIOR_468	Magical Potted Plant			1	Fruit	10	Wood	10		10			468	0	5	HOUSING_OBJECT_CATEGORY_MODULE	ITEM_INTERIOR_550
CRAFT_RECIPE_INTERIOR_469	Fishing Pond			1	Wood	10	Water	20					469	0	5	HOUSING_OBJECT_CATEGORY_MODULE	ITEM_INTERIOR_551
CRAFT_RECIPE_INTERIOR_470	Pioneering Memories			1	Wood	5							470	50	5	HOUSING_OBJECT_CATEGORY_PICTURE	ITEM_INTERIOR_552
CRAFT_RECIPE_INTERIOR_471	Grass A			1	Fiber	2							471	0	5	HOUSING_OBJECT_CATEGORY_NATURE	ITEM_INTERIOR_553
CRAFT_RECIPE_INTERIOR_472	Grass B			1	Fiber	2							472	0	5	HOUSING_OBJECT_CATEGORY_NATURE	ITEM_INTERIOR_554
CRAFT_RECIPE_INTERIOR_473	Tree A			1	Wood	4							473	0	5	HOUSING_OBJECT_CATEGORY_NATURE	ITEM_INTERIOR_555
CRAFT_RECIPE_INTERIOR_474	Tree B			1	Wood	5							474	0	5	HOUSING_OBJECT_CATEGORY_NATURE	ITEM_INTERIOR_556
CRAFT_RECIPE_INTERIOR_475	Tree C			1	Wood	6							475	0	5	HOUSING_OBJECT_CATEGORY_NATURE	ITEM_INTERIOR_557
CRAFT_RECIPE_INTERIOR_476	Tree D			1	Wood	7							476	0	5	HOUSING_OBJECT_CATEGORY_NATURE	ITEM_INTERIOR_558
CRAFT_RECIPE_INTERIOR_477	Tree E			1	Wood	8							477	0	5	HOUSING_OBJECT_CATEGORY_NATURE	ITEM_INTERIOR_559
CRAFT_RECIPE_INTERIOR_478	Stone C			1	Stone	2							478	0	5	HOUSING_OBJECT_CATEGORY_NATURE	ITEM_INTERIOR_560
CRAFT_RECIPE_INTERIOR_479	Stone D			1	Stone	2							479	0	5	HOUSING_OBJECT_CATEGORY_NATURE	ITEM_INTERIOR_561
CRAFT_RECIPE_INTERIOR_480	Stone E			1	Stone	2							480	0	5	HOUSING_OBJECT_CATEGORY_NATURE	ITEM_INTERIOR_562
CRAFT_RECIPE_INTERIOR_481	Stone F			1	Stone	2							481	0	5	HOUSING_OBJECT_CATEGORY_NATURE	ITEM_INTERIOR_563
CRAFT_RECIPE_INTERIOR_482	Glass Pane B			1	Powder	2							487	5	1	HOUSING_OBJECT_CATEGORY_BUILDING_OTHER	ITEM_INTERIOR_564
CRAFT_RECIPE_INTERIOR_483	Gramophone			1	Wood	1	Iron	1					488	0	5	HOUSING_OBJECT_CATEGORY_MODULE	ITEM_INTERIOR_180
